call_id,ticket_type,asset_type,location,transcript,frequency,user_text,tenant_tier,issue,business_impact,safety_concern
IP-REAL-00006,complaint,Warehouse,Zone B – SME Offices,"Agent: Industrial Park Support Desk, how may I assist?
Tenant: Hi, I'm calling regarding an unresolved issue.
Tenant: We are facing water leakage in the unit.
Agent: I'm sorry for the inconvenience. May I have your unit details?
Tenant: Our unit is located in Zone B – SME Offices.
Agent: Thank you. Let me check the service ticket.
Tenant: This was reported earlier but hasn't been resolved.
Agent: I see the ticket is still open.
Tenant: This is affecting our daily operations.
Agent: I will escalate this to the maintenance team immediately.
Tenant: Please do.
Agent: I will update you shortly.",7,"hi, i'm calling regarding an unresolved issue.
we are facing water leakage in the unit.
our unit is located in zone b – sme offices.
this was reported earlier but hasn't been resolved.
this is affecting our daily operations.
please do.",Premium,we are facing water leakage in the unit.,low,False
IP-REAL-00007,complaint,Warehouse,Logistics Cluster North,"Agent: Industrial Park Support Desk, how may I assist?
Tenant: Hi, I'm calling regarding an unresolved issue.
Tenant: We are facing security incident near the loading bay.
Agent: I'm sorry for the inconvenience. May I have your unit details?
Tenant: Our unit is located in Logistics Cluster North.
Agent: Thank you. Let me check the service ticket.
Tenant: This was reported earlier but hasn't been resolved.
Agent: I see the ticket is still open.
Tenant: This is affecting our daily operations.
Agent: I will escalate this to the maintenance team immediately.
Tenant: Please do.
Agent: I will update you shortly.",7,"hi, i'm calling regarding an unresolved issue.
we are facing security incident near the loading bay.
our unit is located in logistics cluster north.
this was reported earlier but hasn't been resolved.
this is affecting our daily operations.
please do.",Standard,we are facing security incident near the loading bay.,high,True
IP-REAL-00009,complaint,Warehouse,Tech Block,"Agent: Industrial Park Support Desk, how may I assist?
Tenant: Hi, I'm calling regarding an unresolved issue.
Tenant: We are facing cleaning services not done as scheduled.
Agent: I'm sorry for the inconvenience. May I have your unit details?
Tenant: Our unit is located in Tech Block.
Agent: Thank you. Let me check the service ticket.
Tenant: This was reported earlier but hasn't been resolved.
Agent: I see the ticket is still open.
Tenant: This is affecting our daily operations.
Agent: I will escalate this to the maintenance team immediately.
Tenant: Please do.
Agent: I will update you shortly.",7,"hi, i'm calling regarding an unresolved issue.
we are facing cleaning services not done as scheduled.
our unit is located in tech block.
this was reported earlier but hasn't been resolved.
this is affecting our daily operations.
please do.",Standard,we are facing cleaning services not done as scheduled.,low,False
IP-REAL-00012,complaint,Office,Logistics Cluster North,"Agent: Industrial Park Support Desk, how may I assist?
Tenant: Hi, I'm calling regarding an unresolved issue.
Tenant: We are facing parking gate malfunction.
Agent: I'm sorry for the inconvenience. May I have your unit details?
Tenant: Our unit is located in Logistics Cluster North.
Agent: Thank you. Let me check the service ticket.
Tenant: This was reported earlier but hasn't been resolved.
Agent: I see the ticket is still open.
Tenant: This is affecting our daily operations.
Agent: I will escalate this to the maintenance team immediately.
Tenant: Please do.
Agent: I will update you shortly.",7,"hi, i'm calling regarding an unresolved issue.
we are facing parking gate malfunction.
our unit is located in logistics cluster north.
this was reported earlier but hasn't been resolved.
this is affecting our daily operations.
please do.",Standard,we are facing parking gate malfunction.,medium,False
IP-REAL-00016,complaint,Office,Logistics Cluster South,"Agent: Industrial Park Support Desk, how may I assist?
Tenant: Hi, I'm calling regarding an unresolved issue.
Tenant: We are facing power outage in common area.
Agent: I'm sorry for the inconvenience. May I have your unit details?
Tenant: Our unit is located in Logistics Cluster South.
Agent: Thank you. Let me check the service ticket.
Tenant: This was reported earlier but hasn't been resolved.
Agent: I see the ticket is still open.
Tenant: This is affecting our daily operations.
Agent: I will escalate this to the maintenance team immediately.
Tenant: Please do.
Agent: I will update you shortly.",7,"hi, i'm calling regarding an unresolved issue.
we are facing power outage in common area.
our unit is located in logistics cluster south.
this was reported earlier but hasn't been resolved.
this is affecting our daily operations.
please do.",Premium,we are facing power outage in common area.,high,True
IP-REAL-00019,complaint,Office,Community Retail Strip,"Agent: Industrial Park Support Desk, how may I assist?
Tenant: Hi, I'm calling regarding an unresolved issue.
Tenant: We are facing noise disturbance from nearby unit.
Agent: I'm sorry for the inconvenience. May I have your unit details?
Tenant: Our unit is located in Community Retail Strip.
Agent: Thank you. Let me check the service ticket.
Tenant: This was reported earlier but hasn't been resolved.
Agent: I see the ticket is still open.
Tenant: This is affecting our daily operations.
Agent: I will escalate this to the maintenance team immediately.
Tenant: Please do.
Agent: I will update you shortly.",7,"hi, i'm calling regarding an unresolved issue.
we are facing noise disturbance from nearby unit.
our unit is located in community retail strip.
this was reported earlier but hasn't been resolved.
this is affecting our daily operations.
please do.",Standard,we are facing noise disturbance from nearby unit.,low,False
IP-REAL-00031,complaint,Office,Zone B – SME Offices,"Agent: Industrial Park Support Desk, how may I assist?
Tenant: Hi, I'm calling regarding an unresolved issue.
Tenant: We are facing lost item reported at reception.
Agent: I'm sorry for the inconvenience. May I have your unit details?
Tenant: Our unit is located in Zone B – SME Offices.
Agent: Thank you. Let me check the service ticket.
Tenant: This was reported earlier but hasn't been resolved.
Agent: I see the ticket is still open.
Tenant: This is affecting our daily operations.
Agent: I will escalate this to the maintenance team immediately.
Tenant: Please do.
Agent: I will update you shortly.",7,"hi, i'm calling regarding an unresolved issue.
we are facing lost item reported at reception.
our unit is located in zone b – sme offices.
this was reported earlier but hasn't been resolved.
this is affecting our daily operations.
please do.",Standard,we are facing lost item reported at reception.,low,False
IP-REAL-00041,complaint,Warehouse,Community Retail Strip,"Agent: Industrial Park Support Desk, how may I assist?
Tenant: Hi, I'm calling regarding an unresolved issue.
Tenant: We are facing air conditioning not working properly.
Agent: I'm sorry for the inconvenience. May I have your unit details?
Tenant: Our unit is located in Community Retail Strip.
Agent: Thank you. Let me check the service ticket.
Tenant: This was reported earlier but hasn't been resolved.
Agent: I see the ticket is still open.
Tenant: This is affecting our daily operations.
Agent: I will escalate this to the maintenance team immediately.
Tenant: Please do.
Agent: I will update you shortly.",7,"hi, i'm calling regarding an unresolved issue.
we are facing air conditioning not working properly.
our unit is located in community retail strip.
this was reported earlier but hasn't been resolved.
this is affecting our daily operations.
please do.",Standard,we are facing air conditioning not working properly.,medium,False
IP-REAL-00074,complaint,Office,Community Retail Strip,"Agent: Industrial Park Support Desk, how may I assist?
Tenant: Hi, I'm calling regarding an unresolved issue.
Tenant: We are facing access card stopped working.
Agent: I'm sorry for the inconvenience. May I have your unit details?
Tenant: Our unit is located in Community Retail Strip.
Agent: Thank you. Let me check the service ticket.
Tenant: This was reported earlier but hasn't been resolved.
Agent: I see the ticket is still open.
Tenant: This is affecting our daily operations.
Agent: I will escalate this to the maintenance team immediately.
Tenant: Please do.
Agent: I will update you shortly.",7,"hi, i'm calling regarding an unresolved issue.
we are facing access card stopped working.
our unit is located in community retail strip.
this was reported earlier but hasn't been resolved.
this is affecting our daily operations.
please do.",Standard,we are facing access card stopped working.,low,False
IP-REAL-00001,inquiry,Retail Store,Logistics Cluster North,"Agent: Industrial Park Leasing Desk, good morning.
Caller: Hello, I'm calling to enquire about available space.
Agent: Sure. Are you looking for office, warehouse, or retail space?
Caller: We are looking for a retail store.
Agent: Do you have a preferred location within the park?
Caller: Preferably Logistics Cluster North.
Agent: May I know the approximate size requirement?
Caller: Around 10000 square feet.
Agent: What is the rental rate per square foot?
Caller: That should work. Please send the details.
Agent: I will email the layout, pricing, and availability.
Caller: Thank you.",1,"hello, i'm calling to enquire about available space.
we are looking for a retail store.
preferably logistics cluster north.
around 10000 square feet.
that should work. please send the details.
thank you.",Prospective,,,
IP-REAL-00002,inquiry,Retail Store,Zone B – SME Offices,"Agent: Industrial Park Leasing Desk, good morning.
Caller: Hello, I'm calling to enquire about available space.
Agent: Sure. Are you looking for office, warehouse, or retail space?
Caller: We are looking for a retail store.
Agent: Do you have a preferred location within the park?
Caller: Preferably Zone B – SME Offices.
Agent: May I know the approximate size requirement?
Caller: Around 6000 square feet.
Agent: What utilities are included?
Caller: That should work. Please send the details.
Agent: I will email the layout, pricing, and availability.
Caller: Thank you.",1,"hello, i'm calling to enquire about available space.
we are looking for a retail store.
preferably zone b – sme offices.
around 6000 square feet.
that should work. please send the details.
thank you.",Prospective,,,
IP-REAL-00003,inquiry,Warehouse,Logistics Cluster South,"Agent: Industrial Park Leasing Desk, good morning.
Caller: Hello, I'm calling to enquire about available space.
Agent: Sure. Are you looking for office, warehouse, or retail space?
Caller: We are looking for a warehouse.
Agent: Do you have a preferred location within the park?
Caller: Preferably Logistics Cluster South.
Agent: May I know the approximate size requirement?
Caller: Around 2500 square feet.
Agent: How many parking spaces are included?
Caller: That should work. Please send the details.
Agent: I will email the layout, pricing, and availability.
Caller: Thank you.",1,"hello, i'm calling to enquire about available space.
we are looking for a warehouse.
preferably logistics cluster south.
around 2500 square feet.
that should work. please send the details.
thank you.",Prospective,,,
IP-REAL-00004,inquiry,Office,Zone A – Corporate Offices,"Agent: Industrial Park Leasing Desk, good morning.
Caller: Hello, I'm calling to enquire about available space.
Agent: Sure. Are you looking for office, warehouse, or retail space?
Caller: We are looking for a office.
Agent: Do you have a preferred location within the park?
Caller: Preferably Zone A – Corporate Offices.
Agent: May I know the approximate size requirement?
Caller: Around 10000 square feet.
Agent: Is 24/7 access permitted?
Caller: That should work. Please send the details.
Agent: I will email the layout, pricing, and availability.
Caller: Thank you.",3,"hello, i'm calling to enquire about available space.
we are looking for a office.
preferably zone a – corporate offices.
around 10000 square feet.
that should work. please send the details.
thank you.",Prospective,,,
IP-REAL-00005,inquiry,Warehouse,Tech Block,"Agent: Industrial Park Leasing Desk, good morning.
Caller: Hello, I'm calling to enquire about available space.
Agent: Sure. Are you looking for office, warehouse, or retail space?
Caller: We are looking for a warehouse.
Agent: Do you have a preferred location within the park?
Caller: Preferably Tech Block.
Agent: May I know the approximate size requirement?
Caller: Around 6000 square feet.
Agent: Is the unit fitted or shell and core?
Caller: That should work. Please send the details.
Agent: I will email the layout, pricing, and availability.
Caller: Thank you.",2,"hello, i'm calling to enquire about available space.
we are looking for a warehouse.
preferably tech block.
around 6000 square feet.
that should work. please send the details.
thank you.",Prospective,,,
IP-REAL-00008,inquiry,Retail Store,Tech Block,"Agent: Industrial Park Leasing Desk, good morning.
Caller: Hello, I'm calling to enquire about available space.
Agent: Sure. Are you looking for office, warehouse, or retail space?
Caller: We are looking for a retail store.
Agent: Do you have a preferred location within the park?
Caller: Preferably Tech Block.
Agent: May I know the approximate size requirement?
Caller: Around 15000 square feet.
Agent: Is 24/7 access permitted?
Caller: That should work. Please send the details.
Agent: I will email the layout, pricing, and availability.
Caller: Thank you.",1,"hello, i'm calling to enquire about available space.
we are looking for a retail store.
preferably tech block.
around 15000 square feet.
that should work. please send the details.
thank you.",Prospective,,,
IP-REAL-00010,inquiry,Warehouse,Zone A – Corporate Offices,"Agent: Industrial Park Leasing Desk, good morning.
Caller: Hello, I'm calling to enquire about available space.
Agent: Sure. Are you looking for office, warehouse, or retail space?
Caller: We are looking for a warehouse.
Agent: Do you have a preferred location within the park?
Caller: Preferably Zone A – Corporate Offices.
Agent: May I know the approximate size requirement?
Caller: Around 10000 square feet.
Agent: Are loading docks available?
Caller: That should work. Please send the details.
Agent: I will email the layout, pricing, and availability.
Caller: Thank you.",2,"hello, i'm calling to enquire about available space.
we are looking for a warehouse.
preferably zone a – corporate offices.
around 10000 square feet.
that should work. please send the details.
thank you.",Prospective,,,
IP-REAL-00011,inquiry,Warehouse,Zone B – SME Offices,"Agent: Industrial Park Leasing Desk, good morning.
Caller: Hello, I'm calling to enquire about available space.
Agent: Sure. Are you looking for office, warehouse, or retail space?
Caller: We are looking for a warehouse.
Agent: Do you have a preferred location within the park?
Caller: Preferably Zone B – SME Offices.
Agent: May I know the approximate size requirement?
Caller: Around 15000 square feet.
Agent: Are service charges included?
Caller: That should work. Please send the details.
Agent: I will email the layout, pricing, and availability.
Caller: Thank you.",1,"hello, i'm calling to enquire about available space.
we are looking for a warehouse.
preferably zone b – sme offices.
around 15000 square feet.
that should work. please send the details.
thank you.",Prospective,,,
IP-REAL-00013,inquiry,Warehouse,Retail Plaza Central,"Agent: Industrial Park Leasing Desk, good morning.
Caller: Hello, I'm calling to enquire about available space.
Agent: Sure. Are you looking for office, warehouse, or retail space?
Caller: We are looking for a warehouse.
Agent: Do you have a preferred location within the park?
Caller: Preferably Retail Plaza Central.
Agent: May I know the approximate size requirement?
Caller: Around 4000 square feet.
Agent: What is the rental rate per square foot?
Caller: That should work. Please send the details.
Agent: I will email the layout, pricing, and availability.
Caller: Thank you.",2,"hello, i'm calling to enquire about available space.
we are looking for a warehouse.
preferably retail plaza central.
around 4000 square feet.
that should work. please send the details.
thank you.",Prospective,,,
IP-REAL-00015,inquiry,Warehouse,Community Retail Strip,"Agent: Industrial Park Leasing Desk, good morning.
Caller: Hello, I'm calling to enquire about available space.
Agent: Sure. Are you looking for office, warehouse, or retail space?
Caller: We are looking for a warehouse.
Agent: Do you have a preferred location within the park?
Caller: Preferably Community Retail Strip.
Agent: May I know the approximate size requirement?
Caller: Around 25000 square feet.
Agent: Is 24/7 access permitted?
Caller: That should work. Please send the details.
Agent: I will email the layout, pricing, and availability.
Caller: Thank you.",2,"hello, i'm calling to enquire about available space.
we are looking for a warehouse.
preferably community retail strip.
around 25000 square feet.
that should work. please send the details.
thank you.",Prospective,,,
IP-REAL-00021,inquiry,Office,Zone B – SME Offices,"Agent: Industrial Park Leasing Desk, good morning.
Caller: Hello, I'm calling to enquire about available space.
Agent: Sure. Are you looking for office, warehouse, or retail space?
Caller: We are looking for a office.
Agent: Do you have a preferred location within the park?
Caller: Preferably Zone B – SME Offices.
Agent: May I know the approximate size requirement?
Caller: Around 6000 square feet.
Agent: Is 24/7 access permitted?
Caller: That should work. Please send the details.
Agent: I will email the layout, pricing, and availability.
Caller: Thank you.",2,"hello, i'm calling to enquire about available space.
we are looking for a office.
preferably zone b – sme offices.
around 6000 square feet.
that should work. please send the details.
thank you.",Prospective,,,
IP-REAL-00027,inquiry,Office,Logistics Cluster North,"Agent: Industrial Park Leasing Desk, good morning.
Caller: Hello, I'm calling to enquire about available space.
Agent: Sure. Are you looking for office, warehouse, or retail space?
Caller: We are looking for a office.
Agent: Do you have a preferred location within the park?
Caller: Preferably Logistics Cluster North.
Agent: May I know the approximate size requirement?
Caller: Around 25000 square feet.
Agent: What is the minimum lease term?
Caller: That should work. Please send the details.
Agent: I will email the layout, pricing, and availability.
Caller: Thank you.",4,"hello, i'm calling to enquire about available space.
we are looking for a office.
preferably logistics cluster north.
around 25000 square feet.
that should work. please send the details.
thank you.",Prospective,,,
IP-REAL-00028,inquiry,Office,Community Retail Strip,"Agent: Industrial Park Leasing Desk, good morning.
Caller: Hello, I'm calling to enquire about available space.
Agent: Sure. Are you looking for office, warehouse, or retail space?
Caller: We are looking for a office.
Agent: Do you have a preferred location within the park?
Caller: Preferably Community Retail Strip.
Agent: May I know the approximate size requirement?
Caller: Around 10000 square feet.
Agent: What utilities are included?
Caller: That should work. Please send the details.
Agent: I will email the layout, pricing, and availability.
Caller: Thank you.",2,"hello, i'm calling to enquire about available space.
we are looking for a office.
preferably community retail strip.
around 10000 square feet.
that should work. please send the details.
thank you.",Prospective,,,
IP-REAL-00030,inquiry,Retail Store,Retail Plaza Central,"Agent: Industrial Park Leasing Desk, good morning.
Caller: Hello, I'm calling to enquire about available space.
Agent: Sure. Are you looking for office, warehouse, or retail space?
Caller: We are looking for a retail store.
Agent: Do you have a preferred location within the park?
Caller: Preferably Retail Plaza Central.
Agent: May I know the approximate size requirement?
Caller: Around 15000 square feet.
Agent: Is 24/7 access permitted?
Caller: That should work. Please send the details.
Agent: I will email the layout, pricing, and availability.
Caller: Thank you.",3,"hello, i'm calling to enquire about available space.
we are looking for a retail store.
preferably retail plaza central.
around 15000 square feet.
that should work. please send the details.
thank you.",Prospective,,,
IP-REAL-00035,inquiry,Warehouse,Zone A – Corporate Offices,"Agent: Industrial Park Leasing Desk, good morning.
Caller: Hello, I'm calling to enquire about available space.
Agent: Sure. Are you looking for office, warehouse, or retail space?
Caller: We are looking for a warehouse.
Agent: Do you have a preferred location within the park?
Caller: Preferably Zone A – Corporate Offices.
Agent: May I know the approximate size requirement?
Caller: Around 6000 square feet.
Agent: What is the rental rate per square foot?
Caller: That should work. Please send the details.
Agent: I will email the layout, pricing, and availability.
Caller: Thank you.",2,"hello, i'm calling to enquire about available space.
we are looking for a warehouse.
preferably zone a – corporate offices.
around 6000 square feet.
that should work. please send the details.
thank you.",Prospective,,,
IP-REAL-00037,inquiry,Office,Logistics Cluster South,"Agent: Industrial Park Leasing Desk, good morning.
Caller: Hello, I'm calling to enquire about available space.
Agent: Sure. Are you looking for office, warehouse, or retail space?
Caller: We are looking for a office.
Agent: Do you have a preferred location within the park?
Caller: Preferably Logistics Cluster South.
Agent: May I know the approximate size requirement?
Caller: Around 15000 square feet.
Agent: Is 24/7 access permitted?
Caller: That should work. Please send the details.
Agent: I will email the layout, pricing, and availability.
Caller: Thank you.",2,"hello, i'm calling to enquire about available space.
we are looking for a office.
preferably logistics cluster south.
around 15000 square feet.
that should work. please send the details.
thank you.",Prospective,,,
IP-REAL-00039,inquiry,Warehouse,Zone B – SME Offices,"Agent: Industrial Park Leasing Desk, good morning.
Caller: Hello, I'm calling to enquire about available space.
Agent: Sure. Are you looking for office, warehouse, or retail space?
Caller: We are looking for a warehouse.
Agent: Do you have a preferred location within the park?
Caller: Preferably Zone B – SME Offices.
Agent: May I know the approximate size requirement?
Caller: Around 10000 square feet.
Agent: How many parking spaces are included?
Caller: That should work. Please send the details.
Agent: I will email the layout, pricing, and availability.
Caller: Thank you.",1,"hello, i'm calling to enquire about available space.
we are looking for a warehouse.
preferably zone b – sme offices.
around 10000 square feet.
that should work. please send the details.
thank you.",Prospective,,,
IP-REAL-00045,inquiry,Warehouse,Community Retail Strip,"Agent: Industrial Park Leasing Desk, good morning.
Caller: Hello, I'm calling to enquire about available space.
Agent: Sure. Are you looking for office, warehouse, or retail space?
Caller: We are looking for a warehouse.
Agent: Do you have a preferred location within the park?
Caller: Preferably Community Retail Strip.
Agent: May I know the approximate size requirement?
Caller: Around 25000 square feet.
Agent: What is the rental rate per square foot?
Caller: That should work. Please send the details.
Agent: I will email the layout, pricing, and availability.
Caller: Thank you.",1,"hello, i'm calling to enquire about available space.
we are looking for a warehouse.
preferably community retail strip.
around 25000 square feet.
that should work. please send the details.
thank you.",Prospective,,,
IP-REAL-00046,inquiry,Retail Store,Tech Block,"Agent: Industrial Park Leasing Desk, good morning.
Caller: Hello, I'm calling to enquire about available space.
Agent: Sure. Are you looking for office, warehouse, or retail space?
Caller: We are looking for a retail store.
Agent: Do you have a preferred location within the park?
Caller: Preferably Tech Block.
Agent: May I know the approximate size requirement?
Caller: Around 6000 square feet.
Agent: Are service charges included?
Caller: That should work. Please send the details.
Agent: I will email the layout, pricing, and availability.
Caller: Thank you.",1,"hello, i'm calling to enquire about available space.
we are looking for a retail store.
preferably tech block.
around 6000 square feet.
that should work. please send the details.
thank you.",Prospective,,,
IP-REAL-00048,inquiry,Office,Logistics Cluster South,"Agent: Industrial Park Leasing Desk, good morning.
Caller: Hello, I'm calling to enquire about available space.
Agent: Sure. Are you looking for office, warehouse, or retail space?
Caller: We are looking for a office.
Agent: Do you have a preferred location within the park?
Caller: Preferably Logistics Cluster South.
Agent: May I know the approximate size requirement?
Caller: Around 25000 square feet.
Agent: Are loading docks available?
Caller: That should work. Please send the details.
Agent: I will email the layout, pricing, and availability.
Caller: Thank you.",1,"hello, i'm calling to enquire about available space.
we are looking for a office.
preferably logistics cluster south.
around 25000 square feet.
that should work. please send the details.
thank you.",Prospective,,,
IP-REAL-00051,inquiry,Retail Store,Zone B – SME Offices,"Agent: Industrial Park Leasing Desk, good morning.
Caller: Hello, I'm calling to enquire about available space.
Agent: Sure. Are you looking for office, warehouse, or retail space?
Caller: We are looking for a retail store.
Agent: Do you have a preferred location within the park?
Caller: Preferably Zone B – SME Offices.
Agent: May I know the approximate size requirement?
Caller: Around 25000 square feet.
Agent: What is the minimum lease term?
Caller: That should work. Please send the details.
Agent: I will email the layout, pricing, and availability.
Caller: Thank you.",1,"hello, i'm calling to enquire about available space.
we are looking for a retail store.
preferably zone b – sme offices.
around 25000 square feet.
that should work. please send the details.
thank you.",Prospective,,,
IP-REAL-00052,inquiry,Retail Store,Retail Plaza Central,"Agent: Industrial Park Leasing Desk, good morning.
Caller: Hello, I'm calling to enquire about available space.
Agent: Sure. Are you looking for office, warehouse, or retail space?
Caller: We are looking for a retail store.
Agent: Do you have a preferred location within the park?
Caller: Preferably Retail Plaza Central.
Agent: May I know the approximate size requirement?
Caller: Around 25000 square feet.
Agent: Is the unit fitted or shell and core?
Caller: That should work. Please send the details.
Agent: I will email the layout, pricing, and availability.
Caller: Thank you.",1,"hello, i'm calling to enquire about available space.
we are looking for a retail store.
preferably retail plaza central.
around 25000 square feet.
that should work. please send the details.
thank you.",Prospective,,,
IP-REAL-00056,inquiry,Office,Zone A – Corporate Offices,"Agent: Industrial Park Leasing Desk, good morning.
Caller: Hello, I'm calling to enquire about available space.
Agent: Sure. Are you looking for office, warehouse, or retail space?
Caller: We are looking for a office.
Agent: Do you have a preferred location within the park?
Caller: Preferably Zone A – Corporate Offices.
Agent: May I know the approximate size requirement?
Caller: Around 2500 square feet.
Agent: What utilities are included?
Caller: That should work. Please send the details.
Agent: I will email the layout, pricing, and availability.
Caller: Thank you.",3,"hello, i'm calling to enquire about available space.
we are looking for a office.
preferably zone a – corporate offices.
around 2500 square feet.
that should work. please send the details.
thank you.",Prospective,,,
IP-REAL-00057,inquiry,Warehouse,Logistics Cluster South,"Agent: Industrial Park Leasing Desk, good morning.
Caller: Hello, I'm calling to enquire about available space.
Agent: Sure. Are you looking for office, warehouse, or retail space?
Caller: We are looking for a warehouse.
Agent: Do you have a preferred location within the park?
Caller: Preferably Logistics Cluster South.
Agent: May I know the approximate size requirement?
Caller: Around 4000 square feet.
Agent: What is the rental rate per square foot?
Caller: That should work. Please send the details.
Agent: I will email the layout, pricing, and availability.
Caller: Thank you.",1,"hello, i'm calling to enquire about available space.
we are looking for a warehouse.
preferably logistics cluster south.
around 4000 square feet.
that should work. please send the details.
thank you.",Prospective,,,
IP-REAL-00062,inquiry,Office,Logistics Cluster North,"Agent: Industrial Park Leasing Desk, good morning.
Caller: Hello, I'm calling to enquire about available space.
Agent: Sure. Are you looking for office, warehouse, or retail space?
Caller: We are looking for a office.
Agent: Do you have a preferred location within the park?
Caller: Preferably Logistics Cluster North.
Agent: May I know the approximate size requirement?
Caller: Around 10000 square feet.
Agent: Is the unit fitted or shell and core?
Caller: That should work. Please send the details.
Agent: I will email the layout, pricing, and availability.
Caller: Thank you.",2,"hello, i'm calling to enquire about available space.
we are looking for a office.
preferably logistics cluster north.
around 10000 square feet.
that should work. please send the details.
thank you.",Prospective,,,
IP-REAL-00073,inquiry,Office,Logistics Cluster South,"Agent: Industrial Park Leasing Desk, good morning.
Caller: Hello, I'm calling to enquire about available space.
Agent: Sure. Are you looking for office, warehouse, or retail space?
Caller: We are looking for a office.
Agent: Do you have a preferred location within the park?
Caller: Preferably Logistics Cluster South.
Agent: May I know the approximate size requirement?
Caller: Around 4000 square feet.
Agent: What utilities are included?
Caller: That should work. Please send the details.
Agent: I will email the layout, pricing, and availability.
Caller: Thank you.",2,"hello, i'm calling to enquire about available space.
we are looking for a office.
preferably logistics cluster south.
around 4000 square feet.
that should work. please send the details.
thank you.",Prospective,,,
IP-REAL-00086,inquiry,Office,Retail Plaza Central,"Agent: Industrial Park Leasing Desk, good morning.
Caller: Hello, I'm calling to enquire about available space.
Agent: Sure. Are you looking for office, warehouse, or retail space?
Caller: We are looking for a office.
Agent: Do you have a preferred location within the park?
Caller: Preferably Retail Plaza Central.
Agent: May I know the approximate size requirement?
Caller: Around 4000 square feet.
Agent: Are loading docks available?
Caller: That should work. Please send the details.
Agent: I will email the layout, pricing, and availability.
Caller: Thank you.",1,"hello, i'm calling to enquire about available space.
we are looking for a office.
preferably retail plaza central.
around 4000 square feet.
that should work. please send the details.
thank you.",Prospective,,,
IP-REAL-00090,inquiry,Retail Store,Community Retail Strip,"Agent: Industrial Park Leasing Desk, good morning.
Caller: Hello, I'm calling to enquire about available space.
Agent: Sure. Are you looking for office, warehouse, or retail space?
Caller: We are looking for a retail store.
Agent: Do you have a preferred location within the park?
Caller: Preferably Community Retail Strip.
Agent: May I know the approximate size requirement?
Caller: Around 6000 square feet.
Agent: Is the unit fitted or shell and core?
Caller: That should work. Please send the details.
Agent: I will email the layout, pricing, and availability.
Caller: Thank you.",2,"hello, i'm calling to enquire about available space.
we are looking for a retail store.
preferably community retail strip.
around 6000 square feet.
that should work. please send the details.
thank you.",Prospective,,,
IP-REAL-00091,inquiry,Office,Zone B – SME Offices,"Agent: Industrial Park Leasing Desk, good morning.
Caller: Hello, I'm calling to enquire about available space.
Agent: Sure. Are you looking for office, warehouse, or retail space?
Caller: We are looking for a office.
Agent: Do you have a preferred location within the park?
Caller: Preferably Zone B – SME Offices.
Agent: May I know the approximate size requirement?
Caller: Around 2500 square feet.
Agent: Is the unit fitted or shell and core?
Caller: That should work. Please send the details.
Agent: I will email the layout, pricing, and availability.
Caller: Thank you.",1,"hello, i'm calling to enquire about available space.
we are looking for a office.
preferably zone b – sme offices.
around 2500 square feet.
that should work. please send the details.
thank you.",Prospective,,,
IP-REAL-00097,inquiry,Warehouse,Zone A – Corporate Offices,"Agent: Industrial Park Leasing Desk, good morning.
Caller: Hello, I'm calling to enquire about available space.
Agent: Sure. Are you looking for office, warehouse, or retail space?
Caller: We are looking for a warehouse.
Agent: Do you have a preferred location within the park?
Caller: Preferably Zone A – Corporate Offices.
Agent: May I know the approximate size requirement?
Caller: Around 4000 square feet.
Agent: How many parking spaces are included?
Caller: That should work. Please send the details.
Agent: I will email the layout, pricing, and availability.
Caller: Thank you.",2,"hello, i'm calling to enquire about available space.
we are looking for a warehouse.
preferably zone a – corporate offices.
around 4000 square feet.
that should work. please send the details.
thank you.",Prospective,,,
IP-REAL-00098,inquiry,Retail Store,Zone B – SME Offices,"Agent: Industrial Park Leasing Desk, good morning.
Caller: Hello, I'm calling to enquire about available space.
Agent: Sure. Are you looking for office, warehouse, or retail space?
Caller: We are looking for a retail store.
Agent: Do you have a preferred location within the park?
Caller: Preferably Zone B – SME Offices.
Agent: May I know the approximate size requirement?
Caller: Around 25000 square feet.
Agent: Are loading docks available?
Caller: That should work. Please send the details.
Agent: I will email the layout, pricing, and availability.
Caller: Thank you.",1,"hello, i'm calling to enquire about available space.
we are looking for a retail store.
preferably zone b – sme offices.
around 25000 square feet.
that should work. please send the details.
thank you.",Prospective,,,
IP-REAL-00100,inquiry,Retail Store,Logistics Cluster North,"Agent: Industrial Park Leasing Desk, good morning.
Caller: Hello, I'm calling to enquire about available space.
Agent: Sure. Are you looking for office, warehouse, or retail space?
Caller: We are looking for a retail store.
Agent: Do you have a preferred location within the park?
Caller: Preferably Logistics Cluster North.
Agent: May I know the approximate size requirement?
Caller: Around 6000 square feet.
Agent: Are loading docks available?
Caller: That should work. Please send the details.
Agent: I will email the layout, pricing, and availability.
Caller: Thank you.",1,"hello, i'm calling to enquire about available space.
we are looking for a retail store.
preferably logistics cluster north.
around 6000 square feet.
that should work. please send the details.
thank you.",Prospective,,,
IP-REAL-00103,inquiry,Retail Store,Zone B – SME Offices,"Agent: Industrial Park Leasing Desk, good morning.
Caller: Hello, I'm calling to enquire about available space.
Agent: Sure. Are you looking for office, warehouse, or retail space?
Caller: We are looking for a retail store.
Agent: Do you have a preferred location within the park?
Caller: Preferably Zone B – SME Offices.
Agent: May I know the approximate size requirement?
Caller: Around 25000 square feet.
Agent: What is the rental rate per square foot?
Caller: That should work. Please send the details.
Agent: I will email the layout, pricing, and availability.
Caller: Thank you.",2,"hello, i'm calling to enquire about available space.
we are looking for a retail store.
preferably zone b – sme offices.
around 25000 square feet.
that should work. please send the details.
thank you.",Prospective,,,
IP-REAL-00109,inquiry,Retail Store,Retail Plaza Central,"Agent: Industrial Park Leasing Desk, good morning.
Caller: Hello, I'm calling to enquire about available space.
Agent: Sure. Are you looking for office, warehouse, or retail space?
Caller: We are looking for a retail store.
Agent: Do you have a preferred location within the park?
Caller: Preferably Retail Plaza Central.
Agent: May I know the approximate size requirement?
Caller: Around 6000 square feet.
Agent: Are service charges included?
Caller: That should work. Please send the details.
Agent: I will email the layout, pricing, and availability.
Caller: Thank you.",1,"hello, i'm calling to enquire about available space.
we are looking for a retail store.
preferably retail plaza central.
around 6000 square feet.
that should work. please send the details.
thank you.",Prospective,,,
IP-REAL-00110,inquiry,Office,Tech Block,"Agent: Industrial Park Leasing Desk, good morning.
Caller: Hello, I'm calling to enquire about available space.
Agent: Sure. Are you looking for office, warehouse, or retail space?
Caller: We are looking for a office.
Agent: Do you have a preferred location within the park?
Caller: Preferably Tech Block.
Agent: May I know the approximate size requirement?
Caller: Around 15000 square feet.
Agent: How many parking spaces are included?
Caller: That should work. Please send the details.
Agent: I will email the layout, pricing, and availability.
Caller: Thank you.",1,"hello, i'm calling to enquire about available space.
we are looking for a office.
preferably tech block.
around 15000 square feet.
that should work. please send the details.
thank you.",Prospective,,,
IP-REAL-00112,inquiry,Retail Store,Tech Block,"Agent: Industrial Park Leasing Desk, good morning.
Caller: Hello, I'm calling to enquire about available space.
Agent: Sure. Are you looking for office, warehouse, or retail space?
Caller: We are looking for a retail store.
Agent: Do you have a preferred location within the park?
Caller: Preferably Tech Block.
Agent: May I know the approximate size requirement?
Caller: Around 25000 square feet.
Agent: What utilities are included?
Caller: That should work. Please send the details.
Agent: I will email the layout, pricing, and availability.
Caller: Thank you.",2,"hello, i'm calling to enquire about available space.
we are looking for a retail store.
preferably tech block.
around 25000 square feet.
that should work. please send the details.
thank you.",Prospective,,,
IP-REAL-00113,inquiry,Office,Tech Block,"Agent: Industrial Park Leasing Desk, good morning.
Caller: Hello, I'm calling to enquire about available space.
Agent: Sure. Are you looking for office, warehouse, or retail space?
Caller: We are looking for a office.
Agent: Do you have a preferred location within the park?
Caller: Preferably Tech Block.
Agent: May I know the approximate size requirement?
Caller: Around 6000 square feet.
Agent: What is the minimum lease term?
Caller: That should work. Please send the details.
Agent: I will email the layout, pricing, and availability.
Caller: Thank you.",2,"hello, i'm calling to enquire about available space.
we are looking for a office.
preferably tech block.
around 6000 square feet.
that should work. please send the details.
thank you.",Prospective,,,
IP-REAL-00114,inquiry,Warehouse,Logistics Cluster South,"Agent: Industrial Park Leasing Desk, good morning.
Caller: Hello, I'm calling to enquire about available space.
Agent: Sure. Are you looking for office, warehouse, or retail space?
Caller: We are looking for a warehouse.
Agent: Do you have a preferred location within the park?
Caller: Preferably Logistics Cluster South.
Agent: May I know the approximate size requirement?
Caller: Around 25000 square feet.
Agent: Is the unit fitted or shell and core?
Caller: That should work. Please send the details.
Agent: I will email the layout, pricing, and availability.
Caller: Thank you.",2,"hello, i'm calling to enquire about available space.
we are looking for a warehouse.
preferably logistics cluster south.
around 25000 square feet.
that should work. please send the details.
thank you.",Prospective,,,
IP-REAL-00118,inquiry,Office,Logistics Cluster North,"Agent: Industrial Park Leasing Desk, good morning.
Caller: Hello, I'm calling to enquire about available space.
Agent: Sure. Are you looking for office, warehouse, or retail space?
Caller: We are looking for a office.
Agent: Do you have a preferred location within the park?
Caller: Preferably Logistics Cluster North.
Agent: May I know the approximate size requirement?
Caller: Around 6000 square feet.
Agent: Is 24/7 access permitted?
Caller: That should work. Please send the details.
Agent: I will email the layout, pricing, and availability.
Caller: Thank you.",1,"hello, i'm calling to enquire about available space.
we are looking for a office.
preferably logistics cluster north.
around 6000 square feet.
that should work. please send the details.
thank you.",Prospective,,,
IP-REAL-00129,inquiry,Office,Community Retail Strip,"Agent: Industrial Park Leasing Desk, good morning.
Caller: Hello, I'm calling to enquire about available space.
Agent: Sure. Are you looking for office, warehouse, or retail space?
Caller: We are looking for a office.
Agent: Do you have a preferred location within the park?
Caller: Preferably Community Retail Strip.
Agent: May I know the approximate size requirement?
Caller: Around 6000 square feet.
Agent: Are service charges included?
Caller: That should work. Please send the details.
Agent: I will email the layout, pricing, and availability.
Caller: Thank you.",2,"hello, i'm calling to enquire about available space.
we are looking for a office.
preferably community retail strip.
around 6000 square feet.
that should work. please send the details.
thank you.",Prospective,,,
IP-REAL-00143,inquiry,Office,Community Retail Strip,"Agent: Industrial Park Leasing Desk, good morning.
Caller: Hello, I'm calling to enquire about available space.
Agent: Sure. Are you looking for office, warehouse, or retail space?
Caller: We are looking for a office.
Agent: Do you have a preferred location within the park?
Caller: Preferably Community Retail Strip.
Agent: May I know the approximate size requirement?
Caller: Around 25000 square feet.
Agent: How many parking spaces are included?
Caller: That should work. Please send the details.
Agent: I will email the layout, pricing, and availability.
Caller: Thank you.",1,"hello, i'm calling to enquire about available space.
we are looking for a office.
preferably community retail strip.
around 25000 square feet.
that should work. please send the details.
thank you.",Prospective,,,
IP-REAL-00151,inquiry,Retail Store,Community Retail Strip,"Agent: Industrial Park Leasing Desk, good morning.
Caller: Hello, I'm calling to enquire about available space.
Agent: Sure. Are you looking for office, warehouse, or retail space?
Caller: We are looking for a retail store.
Agent: Do you have a preferred location within the park?
Caller: Preferably Community Retail Strip.
Agent: May I know the approximate size requirement?
Caller: Around 10000 square feet.
Agent: What is the minimum lease term?
Caller: That should work. Please send the details.
Agent: I will email the layout, pricing, and availability.
Caller: Thank you.",2,"hello, i'm calling to enquire about available space.
we are looking for a retail store.
preferably community retail strip.
around 10000 square feet.
that should work. please send the details.
thank you.",Prospective,,,
IP-REAL-00164,inquiry,Retail Store,Community Retail Strip,"Agent: Industrial Park Leasing Desk, good morning.
Caller: Hello, I'm calling to enquire about available space.
Agent: Sure. Are you looking for office, warehouse, or retail space?
Caller: We are looking for a retail store.
Agent: Do you have a preferred location within the park?
Caller: Preferably Community Retail Strip.
Agent: May I know the approximate size requirement?
Caller: Around 25000 square feet.
Agent: Are loading docks available?
Caller: That should work. Please send the details.
Agent: I will email the layout, pricing, and availability.
Caller: Thank you.",1,"hello, i'm calling to enquire about available space.
we are looking for a retail store.
preferably community retail strip.
around 25000 square feet.
that should work. please send the details.
thank you.",Prospective,,,
IP-REAL-00166,inquiry,Retail Store,Retail Plaza Central,"Agent: Industrial Park Leasing Desk, good morning.
Caller: Hello, I'm calling to enquire about available space.
Agent: Sure. Are you looking for office, warehouse, or retail space?
Caller: We are looking for a retail store.
Agent: Do you have a preferred location within the park?
Caller: Preferably Retail Plaza Central.
Agent: May I know the approximate size requirement?
Caller: Around 2500 square feet.
Agent: What utilities are included?
Caller: That should work. Please send the details.
Agent: I will email the layout, pricing, and availability.
Caller: Thank you.",1,"hello, i'm calling to enquire about available space.
we are looking for a retail store.
preferably retail plaza central.
around 2500 square feet.
that should work. please send the details.
thank you.",Prospective,,,
IP-REAL-00186,inquiry,Retail Store,Zone A – Corporate Offices,"Agent: Industrial Park Leasing Desk, good morning.
Caller: Hello, I'm calling to enquire about available space.
Agent: Sure. Are you looking for office, warehouse, or retail space?
Caller: We are looking for a retail store.
Agent: Do you have a preferred location within the park?
Caller: Preferably Zone A – Corporate Offices.
Agent: May I know the approximate size requirement?
Caller: Around 6000 square feet.
Agent: What is the minimum lease term?
Caller: That should work. Please send the details.
Agent: I will email the layout, pricing, and availability.
Caller: Thank you.",1,"hello, i'm calling to enquire about available space.
we are looking for a retail store.
preferably zone a – corporate offices.
around 6000 square feet.
that should work. please send the details.
thank you.",Prospective,,,
IP-REAL-00188,inquiry,Warehouse,Logistics Cluster North,"Agent: Industrial Park Leasing Desk, good morning.
Caller: Hello, I'm calling to enquire about available space.
Agent: Sure. Are you looking for office, warehouse, or retail space?
Caller: We are looking for a warehouse.
Agent: Do you have a preferred location within the park?
Caller: Preferably Logistics Cluster North.
Agent: May I know the approximate size requirement?
Caller: Around 6000 square feet.
Agent: What utilities are included?
Caller: That should work. Please send the details.
Agent: I will email the layout, pricing, and availability.
Caller: Thank you.",2,"hello, i'm calling to enquire about available space.
we are looking for a warehouse.
preferably logistics cluster north.
around 6000 square feet.
that should work. please send the details.
thank you.",Prospective,,,
IP-REAL-00210,inquiry,Warehouse,Tech Block,"Agent: Industrial Park Leasing Desk, good morning.
Caller: Hello, I'm calling to enquire about available space.
Agent: Sure. Are you looking for office, warehouse, or retail space?
Caller: We are looking for a warehouse.
Agent: Do you have a preferred location within the park?
Caller: Preferably Tech Block.
Agent: May I know the approximate size requirement?
Caller: Around 4000 square feet.
Agent: What is the rental rate per square foot?
Caller: That should work. Please send the details.
Agent: I will email the layout, pricing, and availability.
Caller: Thank you.",1,"hello, i'm calling to enquire about available space.
we are looking for a warehouse.
preferably tech block.
around 4000 square feet.
that should work. please send the details.
thank you.",Prospective,,,
IP-REAL-00212,inquiry,Retail Store,Logistics Cluster North,"Agent: Industrial Park Leasing Desk, good morning.
Caller: Hello, I'm calling to enquire about available space.
Agent: Sure. Are you looking for office, warehouse, or retail space?
Caller: We are looking for a retail store.
Agent: Do you have a preferred location within the park?
Caller: Preferably Logistics Cluster North.
Agent: May I know the approximate size requirement?
Caller: Around 10000 square feet.
Agent: How many parking spaces are included?
Caller: That should work. Please send the details.
Agent: I will email the layout, pricing, and availability.
Caller: Thank you.",2,"hello, i'm calling to enquire about available space.
we are looking for a retail store.
preferably logistics cluster north.
around 10000 square feet.
that should work. please send the details.
thank you.",Prospective,,,
IP-REAL-00232,inquiry,Retail Store,Retail Plaza Central,"Agent: Industrial Park Leasing Desk, good morning.
Caller: Hello, I'm calling to enquire about available space.
Agent: Sure. Are you looking for office, warehouse, or retail space?
Caller: We are looking for a retail store.
Agent: Do you have a preferred location within the park?
Caller: Preferably Retail Plaza Central.
Agent: May I know the approximate size requirement?
Caller: Around 4000 square feet.
Agent: What is the minimum lease term?
Caller: That should work. Please send the details.
Agent: I will email the layout, pricing, and availability.
Caller: Thank you.",1,"hello, i'm calling to enquire about available space.
we are looking for a retail store.
preferably retail plaza central.
around 4000 square feet.
that should work. please send the details.
thank you.",Prospective,,,
IP-REAL-00247,inquiry,Office,Zone A – Corporate Offices,"Agent: Industrial Park Leasing Desk, good morning.
Caller: Hello, I'm calling to enquire about available space.
Agent: Sure. Are you looking for office, warehouse, or retail space?
Caller: We are looking for a office.
Agent: Do you have a preferred location within the park?
Caller: Preferably Zone A – Corporate Offices.
Agent: May I know the approximate size requirement?
Caller: Around 25000 square feet.
Agent: Are service charges included?
Caller: That should work. Please send the details.
Agent: I will email the layout, pricing, and availability.
Caller: Thank you.",1,"hello, i'm calling to enquire about available space.
we are looking for a office.
preferably zone a – corporate offices.
around 25000 square feet.
that should work. please send the details.
thank you.",Prospective,,,
IP-REAL-00253,inquiry,Warehouse,Logistics Cluster North,"Agent: Industrial Park Leasing Desk, good morning.
Caller: Hello, I'm calling to enquire about available space.
Agent: Sure. Are you looking for office, warehouse, or retail space?
Caller: We are looking for a warehouse.
Agent: Do you have a preferred location within the park?
Caller: Preferably Logistics Cluster North.
Agent: May I know the approximate size requirement?
Caller: Around 6000 square feet.
Agent: Are service charges included?
Caller: That should work. Please send the details.
Agent: I will email the layout, pricing, and availability.
Caller: Thank you.",2,"hello, i'm calling to enquire about available space.
we are looking for a warehouse.
preferably logistics cluster north.
around 6000 square feet.
that should work. please send the details.
thank you.",Prospective,,,
IP-REAL-00257,inquiry,Retail Store,Logistics Cluster South,"Agent: Industrial Park Leasing Desk, good morning.
Caller: Hello, I'm calling to enquire about available space.
Agent: Sure. Are you looking for office, warehouse, or retail space?
Caller: We are looking for a retail store.
Agent: Do you have a preferred location within the park?
Caller: Preferably Logistics Cluster South.
Agent: May I know the approximate size requirement?
Caller: Around 25000 square feet.
Agent: Are service charges included?
Caller: That should work. Please send the details.
Agent: I will email the layout, pricing, and availability.
Caller: Thank you.",1,"hello, i'm calling to enquire about available space.
we are looking for a retail store.
preferably logistics cluster south.
around 25000 square feet.
that should work. please send the details.
thank you.",Prospective,,,
IP-REAL-00265,inquiry,Warehouse,Tech Block,"Agent: Industrial Park Leasing Desk, good morning.
Caller: Hello, I'm calling to enquire about available space.
Agent: Sure. Are you looking for office, warehouse, or retail space?
Caller: We are looking for a warehouse.
Agent: Do you have a preferred location within the park?
Caller: Preferably Tech Block.
Agent: May I know the approximate size requirement?
Caller: Around 4000 square feet.
Agent: Are loading docks available?
Caller: That should work. Please send the details.
Agent: I will email the layout, pricing, and availability.
Caller: Thank you.",1,"hello, i'm calling to enquire about available space.
we are looking for a warehouse.
preferably tech block.
around 4000 square feet.
that should work. please send the details.
thank you.",Prospective,,,
IP-REAL-00430,inquiry,Retail Store,Logistics Cluster South,"Agent: Industrial Park Leasing Desk, good morning.
Caller: Hello, I'm calling to enquire about available space.
Agent: Sure. Are you looking for office, warehouse, or retail space?
Caller: We are looking for a retail store.
Agent: Do you have a preferred location within the park?
Caller: Preferably Logistics Cluster South.
Agent: May I know the approximate size requirement?
Caller: Around 2500 square feet.
Agent: What is the minimum lease term?
Caller: That should work. Please send the details.
Agent: I will email the layout, pricing, and availability.
Caller: Thank you.",1,"hello, i'm calling to enquire about available space.
we are looking for a retail store.
preferably logistics cluster south.
around 2500 square feet.
that should work. please send the details.
thank you.",Prospective,,,
IP-REAL-00524,inquiry,Warehouse,Zone A – Corporate Offices,"Agent: Industrial Park Leasing Desk, good morning.
Caller: Hello, I'm calling to enquire about available space.
Agent: Sure. Are you looking for office, warehouse, or retail space?
Caller: We are looking for a warehouse.
Agent: Do you have a preferred location within the park?
Caller: Preferably Zone A – Corporate Offices.
Agent: May I know the approximate size requirement?
Caller: Around 10000 square feet.
Agent: Is the unit fitted or shell and core?
Caller: That should work. Please send the details.
Agent: I will email the layout, pricing, and availability.
Caller: Thank you.",1,"hello, i'm calling to enquire about available space.
we are looking for a warehouse.
preferably zone a – corporate offices.
around 10000 square feet.
that should work. please send the details.
thank you.",Prospective,,,
IP-REAL-00531,inquiry,Retail Store,Retail Plaza Central,"Agent: Industrial Park Leasing Desk, good morning.
Caller: Hello, I'm calling to enquire about available space.
Agent: Sure. Are you looking for office, warehouse, or retail space?
Caller: We are looking for a retail store.
Agent: Do you have a preferred location within the park?
Caller: Preferably Retail Plaza Central.
Agent: May I know the approximate size requirement?
Caller: Around 15000 square feet.
Agent: How many parking spaces are included?
Caller: That should work. Please send the details.
Agent: I will email the layout, pricing, and availability.
Caller: Thank you.",1,"hello, i'm calling to enquire about available space.
we are looking for a retail store.
preferably retail plaza central.
around 15000 square feet.
that should work. please send the details.
thank you.",Prospective,,,
