ticket_type,is_recurring,business_impact_val,safety_concern,sentiment_score,issue_severity_val,issue_urgency_val,label_priority,label_source,created_at
complaint,False,low,False,negative,low,low,high,fuzzy_synthetic,2026-03-04T13:39:15.147299+00:00
complaint,False,low,False,negative,low,medium,critical,fuzzy_synthetic,2026-03-04T13:39:15.149457+00:00
complaint,False,low,False,negative,low,high,critical,fuzzy_synthetic,2026-03-04T13:39:15.151848+00:00
complaint,False,low,False,negative,medium,low,critical,fuzzy_synthetic,2026-03-04T13:39:15.153884+00:00
complaint,False,low,False,negative,medium,medium,critical,fuzzy_synthetic,2026-03-04T13:39:15.155908+00:00
complaint,False,low,False,negative,medium,high,critical,fuzzy_synthetic,2026-03-04T13:39:15.158018+00:00
complaint,False,low,False,negative,high,low,critical,fuzzy_synthetic,2026-03-04T13:39:15.160022+00:00
complaint,False,low,False,negative,high,medium,critical,fuzzy_synthetic,2026-03-04T13:39:15.162281+00:00
complaint,False,low,False,negative,high,high,critical,fuzzy_synthetic,2026-03-04T13:39:15.164256+00:00
complaint,False,low,False,neutral,low,low,low,fuzzy_synthetic,2026-03-04T13:39:15.166320+00:00
complaint,False,low,False,neutral,low,medium,medium,fuzzy_synthetic,2026-03-04T13:39:15.168324+00:00
complaint,False,low,False,neutral,low,high,medium,fuzzy_synthetic,2026-03-04T13:39:15.170343+00:00
complaint,False,low,False,neutral,medium,low,medium,fuzzy_synthetic,2026-03-04T13:39:15.172615+00:00
complaint,False,low,False,neutral,medium,medium,medium,fuzzy_synthetic,2026-03-04T13:39:15.174614+00:00
complaint,False,low,False,neutral,medium,high,high,fuzzy_synthetic,2026-03-04T13:39:15.176661+00:00
complaint,False,low,False,neutral,high,low,medium,fuzzy_synthetic,2026-03-04T13:39:15.178627+00:00
complaint,False,low,False,neutral,high,medium,high,fuzzy_synthetic,2026-03-04T13:39:15.180905+00:00
complaint,False,low,False,neutral,high,high,high,fuzzy_synthetic,2026-03-04T13:39:15.182861+00:00
complaint,False,low,False,positive,low,low,low,fuzzy_synthetic,2026-03-04T13:39:15.184837+00:00
complaint,False,low,False,positive,low,medium,low,fuzzy_synthetic,2026-03-04T13:39:15.186902+00:00
complaint,False,low,False,positive,low,high,low,fuzzy_synthetic,2026-03-04T13:39:15.189037+00:00
complaint,False,low,False,positive,medium,low,low,fuzzy_synthetic,2026-03-04T13:39:15.191384+00:00
complaint,False,low,False,positive,medium,medium,low,fuzzy_synthetic,2026-03-04T13:39:15.193413+00:00
complaint,False,low,False,positive,medium,high,low,fuzzy_synthetic,2026-03-04T13:39:15.195518+00:00
complaint,False,low,False,positive,high,low,low,fuzzy_synthetic,2026-03-04T13:39:15.197517+00:00
complaint,False,low,False,positive,high,medium,low,fuzzy_synthetic,2026-03-04T13:39:15.199520+00:00
complaint,False,low,False,positive,high,high,low,fuzzy_synthetic,2026-03-04T13:39:15.201805+00:00
complaint,False,low,True,negative,low,low,high,fuzzy_synthetic,2026-03-04T13:39:15.203778+00:00
complaint,False,low,True,negative,low,medium,critical,fuzzy_synthetic,2026-03-04T13:39:15.205866+00:00
complaint,False,low,True,negative,low,high,critical,fuzzy_synthetic,2026-03-04T13:39:15.207876+00:00
complaint,False,low,True,negative,medium,low,critical,fuzzy_synthetic,2026-03-04T13:39:15.209971+00:00
complaint,False,low,True,negative,medium,medium,critical,fuzzy_synthetic,2026-03-04T13:39:15.212180+00:00
complaint,False,low,True,negative,medium,high,critical,fuzzy_synthetic,2026-03-04T13:39:15.214152+00:00
complaint,False,low,True,negative,high,low,critical,fuzzy_synthetic,2026-03-04T13:39:15.216218+00:00
complaint,False,low,True,negative,high,medium,critical,fuzzy_synthetic,2026-03-04T13:39:15.218188+00:00
complaint,False,low,True,negative,high,high,critical,fuzzy_synthetic,2026-03-04T13:39:15.220262+00:00
complaint,False,low,True,neutral,low,low,high,fuzzy_synthetic,2026-03-04T13:39:15.222431+00:00
complaint,False,low,True,neutral,low,medium,high,fuzzy_synthetic,2026-03-04T13:39:15.224489+00:00
complaint,False,low,True,neutral,low,high,high,fuzzy_synthetic,2026-03-04T13:39:15.226465+00:00
complaint,False,low,True,neutral,medium,low,high,fuzzy_synthetic,2026-03-04T13:39:15.228441+00:00
complaint,False,low,True,neutral,medium,medium,high,fuzzy_synthetic,2026-03-04T13:39:15.230541+00:00
complaint,False,low,True,neutral,medium,high,high,fuzzy_synthetic,2026-03-04T13:39:15.232709+00:00
complaint,False,low,True,neutral,high,low,high,fuzzy_synthetic,2026-03-04T13:39:15.234761+00:00
complaint,False,low,True,neutral,high,medium,high,fuzzy_synthetic,2026-03-04T13:39:15.236714+00:00
complaint,False,low,True,neutral,high,high,high,fuzzy_synthetic,2026-03-04T13:39:15.238761+00:00
complaint,False,low,True,positive,low,low,high,fuzzy_synthetic,2026-03-04T13:39:15.240739+00:00
complaint,False,low,True,positive,low,medium,high,fuzzy_synthetic,2026-03-04T13:39:15.242887+00:00
complaint,False,low,True,positive,low,high,high,fuzzy_synthetic,2026-03-04T13:39:15.244919+00:00
complaint,False,low,True,positive,medium,low,high,fuzzy_synthetic,2026-03-04T13:39:15.246885+00:00
complaint,False,low,True,positive,medium,medium,high,fuzzy_synthetic,2026-03-04T13:39:15.248942+00:00
complaint,False,low,True,positive,medium,high,high,fuzzy_synthetic,2026-03-04T13:39:15.250905+00:00
complaint,False,low,True,positive,high,low,high,fuzzy_synthetic,2026-03-04T13:39:15.253172+00:00
complaint,False,low,True,positive,high,medium,high,fuzzy_synthetic,2026-03-04T13:39:15.255162+00:00
complaint,False,low,True,positive,high,high,high,fuzzy_synthetic,2026-03-04T13:39:15.257134+00:00
complaint,False,medium,False,negative,low,low,high,fuzzy_synthetic,2026-03-04T13:39:15.259165+00:00
complaint,False,medium,False,negative,low,medium,critical,fuzzy_synthetic,2026-03-04T13:39:15.261105+00:00
complaint,False,medium,False,negative,low,high,critical,fuzzy_synthetic,2026-03-04T13:39:15.263381+00:00
complaint,False,medium,False,negative,medium,low,critical,fuzzy_synthetic,2026-03-04T13:39:15.265355+00:00
complaint,False,medium,False,negative,medium,medium,critical,fuzzy_synthetic,2026-03-04T13:39:15.267422+00:00
complaint,False,medium,False,negative,medium,high,critical,fuzzy_synthetic,2026-03-04T13:39:15.269426+00:00
complaint,False,medium,False,negative,high,low,critical,fuzzy_synthetic,2026-03-04T13:39:15.271412+00:00
complaint,False,medium,False,negative,high,medium,critical,fuzzy_synthetic,2026-03-04T13:39:15.273668+00:00
complaint,False,medium,False,negative,high,high,critical,fuzzy_synthetic,2026-03-04T13:39:15.275629+00:00
complaint,False,medium,False,neutral,low,low,low,fuzzy_synthetic,2026-03-04T13:39:15.277678+00:00
complaint,False,medium,False,neutral,low,medium,medium,fuzzy_synthetic,2026-03-04T13:39:15.279641+00:00
complaint,False,medium,False,neutral,low,high,medium,fuzzy_synthetic,2026-03-04T13:39:15.281730+00:00
complaint,False,medium,False,neutral,medium,low,medium,fuzzy_synthetic,2026-03-04T13:39:15.283930+00:00
complaint,False,medium,False,neutral,medium,medium,medium,fuzzy_synthetic,2026-03-04T13:39:15.285898+00:00
complaint,False,medium,False,neutral,medium,high,high,fuzzy_synthetic,2026-03-04T13:39:15.287963+00:00
complaint,False,medium,False,neutral,high,low,medium,fuzzy_synthetic,2026-03-04T13:39:15.289930+00:00
complaint,False,medium,False,neutral,high,medium,high,fuzzy_synthetic,2026-03-04T13:39:15.291986+00:00
complaint,False,medium,False,neutral,high,high,high,fuzzy_synthetic,2026-03-04T13:39:15.294146+00:00
complaint,False,medium,False,positive,low,low,low,fuzzy_synthetic,2026-03-04T13:39:15.296196+00:00
complaint,False,medium,False,positive,low,medium,low,fuzzy_synthetic,2026-03-04T13:39:15.298185+00:00
complaint,False,medium,False,positive,low,high,low,fuzzy_synthetic,2026-03-04T13:39:15.300150+00:00
complaint,False,medium,False,positive,medium,low,low,fuzzy_synthetic,2026-03-04T13:39:15.302199+00:00
complaint,False,medium,False,positive,medium,medium,low,fuzzy_synthetic,2026-03-04T13:39:15.304373+00:00
complaint,False,medium,False,positive,medium,high,low,fuzzy_synthetic,2026-03-04T13:39:15.306412+00:00
complaint,False,medium,False,positive,high,low,low,fuzzy_synthetic,2026-03-04T13:39:15.308362+00:00
complaint,False,medium,False,positive,high,medium,low,fuzzy_synthetic,2026-03-04T13:39:15.310408+00:00
complaint,False,medium,False,positive,high,high,low,fuzzy_synthetic,2026-03-04T13:39:15.312412+00:00
complaint,False,medium,True,negative,low,low,high,fuzzy_synthetic,2026-03-04T13:39:15.314566+00:00
complaint,False,medium,True,negative,low,medium,critical,fuzzy_synthetic,2026-03-04T13:39:15.316633+00:00
complaint,False,medium,True,negative,low,high,critical,fuzzy_synthetic,2026-03-04T13:39:15.318580+00:00
complaint,False,medium,True,negative,medium,low,critical,fuzzy_synthetic,2026-03-04T13:39:15.320635+00:00
complaint,False,medium,True,negative,medium,medium,critical,fuzzy_synthetic,2026-03-04T13:39:15.322604+00:00
complaint,False,medium,True,negative,medium,high,critical,fuzzy_synthetic,2026-03-04T13:39:15.324877+00:00
complaint,False,medium,True,negative,high,low,critical,fuzzy_synthetic,2026-03-04T13:39:15.326865+00:00
complaint,False,medium,True,negative,high,medium,critical,fuzzy_synthetic,2026-03-04T13:39:15.328864+00:00
complaint,False,medium,True,negative,high,high,critical,fuzzy_synthetic,2026-03-04T13:39:15.331067+00:00
complaint,False,medium,True,neutral,low,low,high,fuzzy_synthetic,2026-03-04T13:39:15.333097+00:00
complaint,False,medium,True,neutral,low,medium,high,fuzzy_synthetic,2026-03-04T13:39:15.335391+00:00
complaint,False,medium,True,neutral,low,high,high,fuzzy_synthetic,2026-03-04T13:39:15.337340+00:00
complaint,False,medium,True,neutral,medium,low,high,fuzzy_synthetic,2026-03-04T13:39:15.339416+00:00
complaint,False,medium,True,neutral,medium,medium,high,fuzzy_synthetic,2026-03-04T13:39:15.341377+00:00
complaint,False,medium,True,neutral,medium,high,high,fuzzy_synthetic,2026-03-04T13:39:15.343426+00:00
complaint,False,medium,True,neutral,high,low,high,fuzzy_synthetic,2026-03-04T13:39:15.345721+00:00
complaint,False,medium,True,neutral,high,medium,high,fuzzy_synthetic,2026-03-04T13:39:15.347729+00:00
complaint,False,medium,True,neutral,high,high,high,fuzzy_synthetic,2026-03-04T13:39:15.349810+00:00
complaint,False,medium,True,positive,low,low,high,fuzzy_synthetic,2026-03-04T13:39:15.351796+00:00
complaint,False,medium,True,positive,low,medium,high,fuzzy_synthetic,2026-03-04T13:39:15.354136+00:00
complaint,False,medium,True,positive,low,high,high,fuzzy_synthetic,2026-03-04T13:39:15.356158+00:00
complaint,False,medium,True,positive,medium,low,high,fuzzy_synthetic,2026-03-04T13:39:15.358130+00:00
complaint,False,medium,True,positive,medium,medium,high,fuzzy_synthetic,2026-03-04T13:39:15.360208+00:00
complaint,False,medium,True,positive,medium,high,high,fuzzy_synthetic,2026-03-04T13:39:15.362176+00:00
complaint,False,medium,True,positive,high,low,high,fuzzy_synthetic,2026-03-04T13:39:15.364417+00:00
complaint,False,medium,True,positive,high,medium,high,fuzzy_synthetic,2026-03-04T13:39:15.366442+00:00
complaint,False,medium,True,positive,high,high,high,fuzzy_synthetic,2026-03-04T13:39:15.368508+00:00
complaint,False,high,False,negative,low,low,high,fuzzy_synthetic,2026-03-04T13:39:15.370512+00:00
complaint,False,high,False,negative,low,medium,critical,fuzzy_synthetic,2026-03-04T13:39:15.372506+00:00
complaint,False,high,False,negative,low,high,critical,fuzzy_synthetic,2026-03-04T13:39:15.374758+00:00
complaint,False,high,False,negative,medium,low,critical,fuzzy_synthetic,2026-03-04T13:39:15.376800+00:00
complaint,False,high,False,negative,medium,medium,critical,fuzzy_synthetic,2026-03-04T13:39:15.378909+00:00
complaint,False,high,False,negative,medium,high,critical,fuzzy_synthetic,2026-03-04T13:39:15.380905+00:00
complaint,False,high,False,negative,high,low,critical,fuzzy_synthetic,2026-03-04T13:39:15.382992+00:00
complaint,False,high,False,negative,high,medium,critical,fuzzy_synthetic,2026-03-04T13:39:15.385224+00:00
complaint,False,high,False,negative,high,high,critical,fuzzy_synthetic,2026-03-04T13:39:15.387266+00:00
complaint,False,high,False,neutral,low,low,low,fuzzy_synthetic,2026-03-04T13:39:15.389364+00:00
complaint,False,high,False,neutral,low,medium,medium,fuzzy_synthetic,2026-03-04T13:39:15.391356+00:00
complaint,False,high,False,neutral,low,high,medium,fuzzy_synthetic,2026-03-04T13:39:15.393413+00:00
complaint,False,high,False,neutral,medium,low,medium,fuzzy_synthetic,2026-03-04T13:39:15.395606+00:00
complaint,False,high,False,neutral,medium,medium,medium,fuzzy_synthetic,2026-03-04T13:39:15.397754+00:00
complaint,False,high,False,neutral,medium,high,high,fuzzy_synthetic,2026-03-04T13:39:15.399742+00:00
complaint,False,high,False,neutral,high,low,medium,fuzzy_synthetic,2026-03-04T13:39:15.401753+00:00
complaint,False,high,False,neutral,high,medium,high,fuzzy_synthetic,2026-03-04T13:39:15.403847+00:00
complaint,False,high,False,neutral,high,high,high,fuzzy_synthetic,2026-03-04T13:39:15.406036+00:00
complaint,False,high,False,positive,low,low,low,fuzzy_synthetic,2026-03-04T13:39:15.408150+00:00
complaint,False,high,False,positive,low,medium,low,fuzzy_synthetic,2026-03-04T13:39:15.410190+00:00
complaint,False,high,False,positive,low,high,low,fuzzy_synthetic,2026-03-04T13:39:15.412294+00:00
complaint,False,high,False,positive,medium,low,low,fuzzy_synthetic,2026-03-04T13:39:15.414305+00:00
complaint,False,high,False,positive,medium,medium,low,fuzzy_synthetic,2026-03-04T13:39:15.416502+00:00
complaint,False,high,False,positive,medium,high,low,fuzzy_synthetic,2026-03-04T13:39:15.418615+00:00
complaint,False,high,False,positive,high,low,low,fuzzy_synthetic,2026-03-04T13:39:15.420617+00:00
complaint,False,high,False,positive,high,medium,low,fuzzy_synthetic,2026-03-04T13:39:15.422716+00:00
complaint,False,high,False,positive,high,high,medium,fuzzy_synthetic,2026-03-04T13:39:15.424714+00:00
complaint,False,high,True,negative,low,low,high,fuzzy_synthetic,2026-03-04T13:39:15.427010+00:00
complaint,False,high,True,negative,low,medium,critical,fuzzy_synthetic,2026-03-04T13:39:15.429060+00:00
complaint,False,high,True,negative,low,high,critical,fuzzy_synthetic,2026-03-04T13:39:15.431068+00:00
complaint,False,high,True,negative,medium,low,critical,fuzzy_synthetic,2026-03-04T13:39:15.433142+00:00
complaint,False,high,True,negative,medium,medium,critical,fuzzy_synthetic,2026-03-04T13:39:15.435107+00:00
complaint,False,high,True,negative,medium,high,critical,fuzzy_synthetic,2026-03-04T13:39:15.437380+00:00
complaint,False,high,True,negative,high,low,critical,fuzzy_synthetic,2026-03-04T13:39:15.439402+00:00
complaint,False,high,True,negative,high,medium,critical,fuzzy_synthetic,2026-03-04T13:39:15.441519+00:00
complaint,False,high,True,negative,high,high,critical,fuzzy_synthetic,2026-03-04T13:39:15.443522+00:00
complaint,False,high,True,neutral,low,low,high,fuzzy_synthetic,2026-03-04T13:39:15.445520+00:00
complaint,False,high,True,neutral,low,medium,high,fuzzy_synthetic,2026-03-04T13:39:15.447854+00:00
complaint,False,high,True,neutral,low,high,high,fuzzy_synthetic,2026-03-04T13:39:15.449897+00:00
complaint,False,high,True,neutral,medium,low,high,fuzzy_synthetic,2026-03-04T13:39:15.452005+00:00
complaint,False,high,True,neutral,medium,medium,high,fuzzy_synthetic,2026-03-04T13:39:15.454002+00:00
complaint,False,high,True,neutral,medium,high,high,fuzzy_synthetic,2026-03-04T13:39:15.456139+00:00
complaint,False,high,True,neutral,high,low,high,fuzzy_synthetic,2026-03-04T13:39:15.458395+00:00
complaint,False,high,True,neutral,high,medium,high,fuzzy_synthetic,2026-03-04T13:39:15.460434+00:00
complaint,False,high,True,neutral,high,high,high,fuzzy_synthetic,2026-03-04T13:39:15.462542+00:00
complaint,False,high,True,positive,low,low,high,fuzzy_synthetic,2026-03-04T13:39:15.464536+00:00
complaint,False,high,True,positive,low,medium,high,fuzzy_synthetic,2026-03-04T13:39:15.466641+00:00
complaint,False,high,True,positive,low,high,high,fuzzy_synthetic,2026-03-04T13:39:15.468828+00:00
complaint,False,high,True,positive,medium,low,high,fuzzy_synthetic,2026-03-04T13:39:15.470956+00:00
complaint,False,high,True,positive,medium,medium,high,fuzzy_synthetic,2026-03-04T13:39:15.473006+00:00
complaint,False,high,True,positive,medium,high,high,fuzzy_synthetic,2026-03-04T13:39:15.475063+00:00
complaint,False,high,True,positive,high,low,high,fuzzy_synthetic,2026-03-04T13:39:15.477214+00:00
complaint,False,high,True,positive,high,medium,high,fuzzy_synthetic,2026-03-04T13:39:15.479389+00:00
complaint,False,high,True,positive,high,high,high,fuzzy_synthetic,2026-03-04T13:39:15.481481+00:00
complaint,True,low,False,negative,low,low,critical,fuzzy_synthetic,2026-03-04T13:39:15.483458+00:00
complaint,True,low,False,negative,low,medium,critical,fuzzy_synthetic,2026-03-04T13:39:15.485552+00:00
complaint,True,low,False,negative,low,high,critical,fuzzy_synthetic,2026-03-04T13:39:15.487630+00:00
complaint,True,low,False,negative,medium,low,critical,fuzzy_synthetic,2026-03-04T13:39:15.489861+00:00
complaint,True,low,False,negative,medium,medium,critical,fuzzy_synthetic,2026-03-04T13:39:15.491999+00:00
complaint,True,low,False,negative,medium,high,critical,fuzzy_synthetic,2026-03-04T13:39:15.494014+00:00
complaint,True,low,False,negative,high,low,critical,fuzzy_synthetic,2026-03-04T13:39:15.496113+00:00
complaint,True,low,False,negative,high,medium,critical,fuzzy_synthetic,2026-03-04T13:39:15.498134+00:00
complaint,True,low,False,negative,high,high,critical,fuzzy_synthetic,2026-03-04T13:39:15.500444+00:00
complaint,True,low,False,neutral,low,low,medium,fuzzy_synthetic,2026-03-04T13:39:15.502463+00:00
complaint,True,low,False,neutral,low,medium,high,fuzzy_synthetic,2026-03-04T13:39:15.504580+00:00
complaint,True,low,False,neutral,low,high,high,fuzzy_synthetic,2026-03-04T13:39:15.506721+00:00
complaint,True,low,False,neutral,medium,low,high,fuzzy_synthetic,2026-03-04T13:39:15.508748+00:00
complaint,True,low,False,neutral,medium,medium,high,fuzzy_synthetic,2026-03-04T13:39:15.511091+00:00
complaint,True,low,False,neutral,medium,high,critical,fuzzy_synthetic,2026-03-04T13:39:15.513092+00:00
complaint,True,low,False,neutral,high,low,high,fuzzy_synthetic,2026-03-04T13:39:15.515227+00:00
complaint,True,low,False,neutral,high,medium,critical,fuzzy_synthetic,2026-03-04T13:39:15.517260+00:00
complaint,True,low,False,neutral,high,high,critical,fuzzy_synthetic,2026-03-04T13:39:15.519300+00:00
complaint,True,low,False,positive,low,low,low,fuzzy_synthetic,2026-03-04T13:39:15.521620+00:00
complaint,True,low,False,positive,low,medium,medium,fuzzy_synthetic,2026-03-04T13:39:15.523638+00:00
complaint,True,low,False,positive,low,high,medium,fuzzy_synthetic,2026-03-04T13:39:15.525764+00:00
complaint,True,low,False,positive,medium,low,medium,fuzzy_synthetic,2026-03-04T13:39:15.527850+00:00
complaint,True,low,False,positive,medium,medium,medium,fuzzy_synthetic,2026-03-04T13:39:15.530460+00:00
complaint,True,low,False,positive,medium,high,medium,fuzzy_synthetic,2026-03-04T13:39:15.532513+00:00
complaint,True,low,False,positive,high,low,medium,fuzzy_synthetic,2026-03-04T13:39:15.534573+00:00
complaint,True,low,False,positive,high,medium,medium,fuzzy_synthetic,2026-03-04T13:39:15.536730+00:00
complaint,True,low,False,positive,high,high,medium,fuzzy_synthetic,2026-03-04T13:39:15.538824+00:00
complaint,True,low,True,negative,low,low,critical,fuzzy_synthetic,2026-03-04T13:39:15.541173+00:00
complaint,True,low,True,negative,low,medium,critical,fuzzy_synthetic,2026-03-04T13:39:15.543193+00:00
complaint,True,low,True,negative,low,high,critical,fuzzy_synthetic,2026-03-04T13:39:15.545336+00:00
complaint,True,low,True,negative,medium,low,critical,fuzzy_synthetic,2026-03-04T13:39:15.547433+00:00
complaint,True,low,True,negative,medium,medium,critical,fuzzy_synthetic,2026-03-04T13:39:15.549520+00:00
complaint,True,low,True,negative,medium,high,critical,fuzzy_synthetic,2026-03-04T13:39:15.551853+00:00
complaint,True,low,True,negative,high,low,critical,fuzzy_synthetic,2026-03-04T13:39:15.553854+00:00
complaint,True,low,True,negative,high,medium,critical,fuzzy_synthetic,2026-03-04T13:39:15.555960+00:00
complaint,True,low,True,negative,high,high,critical,fuzzy_synthetic,2026-03-04T13:39:15.557964+00:00
complaint,True,low,True,neutral,low,low,high,fuzzy_synthetic,2026-03-04T13:39:15.560126+00:00
complaint,True,low,True,neutral,low,medium,high,fuzzy_synthetic,2026-03-04T13:39:15.562387+00:00
complaint,True,low,True,neutral,low,high,high,fuzzy_synthetic,2026-03-04T13:39:15.564428+00:00
complaint,True,low,True,neutral,medium,low,high,fuzzy_synthetic,2026-03-04T13:39:15.566547+00:00
complaint,True,low,True,neutral,medium,medium,high,fuzzy_synthetic,2026-03-04T13:39:15.568540+00:00
complaint,True,low,True,neutral,medium,high,critical,fuzzy_synthetic,2026-03-04T13:39:15.570681+00:00
complaint,True,low,True,neutral,high,low,high,fuzzy_synthetic,2026-03-04T13:39:15.572927+00:00
complaint,True,low,True,neutral,high,medium,critical,fuzzy_synthetic,2026-03-04T13:39:15.575052+00:00
complaint,True,low,True,neutral,high,high,critical,fuzzy_synthetic,2026-03-04T13:39:15.577074+00:00
complaint,True,low,True,positive,low,low,high,fuzzy_synthetic,2026-03-04T13:39:15.579088+00:00
complaint,True,low,True,positive,low,medium,high,fuzzy_synthetic,2026-03-04T13:39:15.581243+00:00
complaint,True,low,True,positive,low,high,high,fuzzy_synthetic,2026-03-04T13:39:15.583456+00:00
complaint,True,low,True,positive,medium,low,high,fuzzy_synthetic,2026-03-04T13:39:15.585594+00:00
complaint,True,low,True,positive,medium,medium,high,fuzzy_synthetic,2026-03-04T13:39:15.587615+00:00
complaint,True,low,True,positive,medium,high,high,fuzzy_synthetic,2026-03-04T13:39:15.589696+00:00
complaint,True,low,True,positive,high,low,high,fuzzy_synthetic,2026-03-04T13:39:15.591747+00:00
complaint,True,low,True,positive,high,medium,high,fuzzy_synthetic,2026-03-04T13:39:15.594030+00:00
complaint,True,low,True,positive,high,high,high,fuzzy_synthetic,2026-03-04T13:39:15.596418+00:00
complaint,True,medium,False,negative,low,low,critical,fuzzy_synthetic,2026-03-04T13:39:15.598640+00:00
complaint,True,medium,False,negative,low,medium,critical,fuzzy_synthetic,2026-03-04T13:39:15.600941+00:00
complaint,True,medium,False,negative,low,high,critical,fuzzy_synthetic,2026-03-04T13:39:15.603055+00:00
complaint,True,medium,False,negative,medium,low,critical,fuzzy_synthetic,2026-03-04T13:39:15.605647+00:00
complaint,True,medium,False,negative,medium,medium,critical,fuzzy_synthetic,2026-03-04T13:39:15.607902+00:00
complaint,True,medium,False,negative,medium,high,critical,fuzzy_synthetic,2026-03-04T13:39:15.610074+00:00
complaint,True,medium,False,negative,high,low,critical,fuzzy_synthetic,2026-03-04T13:39:15.612524+00:00
complaint,True,medium,False,negative,high,medium,critical,fuzzy_synthetic,2026-03-04T13:39:15.614878+00:00
complaint,True,medium,False,negative,high,high,critical,fuzzy_synthetic,2026-03-04T13:39:15.617592+00:00
complaint,True,medium,False,neutral,low,low,medium,fuzzy_synthetic,2026-03-04T13:39:15.619770+00:00
complaint,True,medium,False,neutral,low,medium,high,fuzzy_synthetic,2026-03-04T13:39:15.622107+00:00
complaint,True,medium,False,neutral,low,high,high,fuzzy_synthetic,2026-03-04T13:39:15.624355+00:00
complaint,True,medium,False,neutral,medium,low,high,fuzzy_synthetic,2026-03-04T13:39:15.626591+00:00
complaint,True,medium,False,neutral,medium,medium,high,fuzzy_synthetic,2026-03-04T13:39:15.629345+00:00
complaint,True,medium,False,neutral,medium,high,critical,fuzzy_synthetic,2026-03-04T13:39:15.631611+00:00
complaint,True,medium,False,neutral,high,low,high,fuzzy_synthetic,2026-03-04T13:39:15.633875+00:00
complaint,True,medium,False,neutral,high,medium,critical,fuzzy_synthetic,2026-03-04T13:39:15.636029+00:00
complaint,True,medium,False,neutral,high,high,critical,fuzzy_synthetic,2026-03-04T13:39:15.638311+00:00
complaint,True,medium,False,positive,low,low,low,fuzzy_synthetic,2026-03-04T13:39:15.640736+00:00
complaint,True,medium,False,positive,low,medium,medium,fuzzy_synthetic,2026-03-04T13:39:15.642854+00:00
complaint,True,medium,False,positive,low,high,medium,fuzzy_synthetic,2026-03-04T13:39:15.645382+00:00
complaint,True,medium,False,positive,medium,low,medium,fuzzy_synthetic,2026-03-04T13:39:15.647701+00:00
complaint,True,medium,False,positive,medium,medium,medium,fuzzy_synthetic,2026-03-04T13:39:15.649884+00:00
complaint,True,medium,False,positive,medium,high,medium,fuzzy_synthetic,2026-03-04T13:39:15.652134+00:00
complaint,True,medium,False,positive,high,low,medium,fuzzy_synthetic,2026-03-04T13:39:15.654310+00:00
complaint,True,medium,False,positive,high,medium,medium,fuzzy_synthetic,2026-03-04T13:39:15.656439+00:00
complaint,True,medium,False,positive,high,high,medium,fuzzy_synthetic,2026-03-04T13:39:15.658473+00:00
complaint,True,medium,True,negative,low,low,critical,fuzzy_synthetic,2026-03-04T13:39:15.660605+00:00
complaint,True,medium,True,negative,low,medium,critical,fuzzy_synthetic,2026-03-04T13:39:15.662809+00:00
complaint,True,medium,True,negative,low,high,critical,fuzzy_synthetic,2026-03-04T13:39:15.665027+00:00
complaint,True,medium,True,negative,medium,low,critical,fuzzy_synthetic,2026-03-04T13:39:15.667105+00:00
complaint,True,medium,True,negative,medium,medium,critical,fuzzy_synthetic,2026-03-04T13:39:15.669234+00:00
complaint,True,medium,True,negative,medium,high,critical,fuzzy_synthetic,2026-03-04T13:39:15.671256+00:00
complaint,True,medium,True,negative,high,low,critical,fuzzy_synthetic,2026-03-04T13:39:15.673480+00:00
complaint,True,medium,True,negative,high,medium,critical,fuzzy_synthetic,2026-03-04T13:39:15.675571+00:00
complaint,True,medium,True,negative,high,high,critical,fuzzy_synthetic,2026-03-04T13:39:15.677657+00:00
complaint,True,medium,True,neutral,low,low,high,fuzzy_synthetic,2026-03-04T13:39:15.679783+00:00
complaint,True,medium,True,neutral,low,medium,high,fuzzy_synthetic,2026-03-04T13:39:15.681792+00:00
complaint,True,medium,True,neutral,low,high,high,fuzzy_synthetic,2026-03-04T13:39:15.684102+00:00
complaint,True,medium,True,neutral,medium,low,high,fuzzy_synthetic,2026-03-04T13:39:15.686098+00:00
complaint,True,medium,True,neutral,medium,medium,high,fuzzy_synthetic,2026-03-04T13:39:15.688156+00:00
complaint,True,medium,True,neutral,medium,high,critical,fuzzy_synthetic,2026-03-04T13:39:15.690278+00:00
complaint,True,medium,True,neutral,high,low,high,fuzzy_synthetic,2026-03-04T13:39:15.692299+00:00
complaint,True,medium,True,neutral,high,medium,critical,fuzzy_synthetic,2026-03-04T13:39:15.694567+00:00
complaint,True,medium,True,neutral,high,high,critical,fuzzy_synthetic,2026-03-04T13:39:15.696553+00:00
complaint,True,medium,True,positive,low,low,high,fuzzy_synthetic,2026-03-04T13:39:15.698672+00:00
complaint,True,medium,True,positive,low,medium,high,fuzzy_synthetic,2026-03-04T13:39:15.700692+00:00
complaint,True,medium,True,positive,low,high,high,fuzzy_synthetic,2026-03-04T13:39:15.702724+00:00
complaint,True,medium,True,positive,medium,low,high,fuzzy_synthetic,2026-03-04T13:39:15.705069+00:00
complaint,True,medium,True,positive,medium,medium,high,fuzzy_synthetic,2026-03-04T13:39:15.707076+00:00
complaint,True,medium,True,positive,medium,high,high,fuzzy_synthetic,2026-03-04T13:39:15.709285+00:00
complaint,True,medium,True,positive,high,low,high,fuzzy_synthetic,2026-03-04T13:39:15.711288+00:00
complaint,True,medium,True,positive,high,medium,high,fuzzy_synthetic,2026-03-04T13:39:15.713630+00:00
complaint,True,medium,True,positive,high,high,high,fuzzy_synthetic,2026-03-04T13:39:15.715652+00:00
complaint,True,high,False,negative,low,low,critical,fuzzy_synthetic,2026-03-04T13:39:15.717686+00:00
complaint,True,high,False,negative,low,medium,critical,fuzzy_synthetic,2026-03-04T13:39:15.719871+00:00
complaint,True,high,False,negative,low,high,critical,fuzzy_synthetic,2026-03-04T13:39:15.721925+00:00
complaint,True,high,False,negative,medium,low,critical,fuzzy_synthetic,2026-03-04T13:39:15.724246+00:00
complaint,True,high,False,negative,medium,medium,critical,fuzzy_synthetic,2026-03-04T13:39:15.726264+00:00
complaint,True,high,False,negative,medium,high,critical,fuzzy_synthetic,2026-03-04T13:39:15.728375+00:00
complaint,True,high,False,negative,high,low,critical,fuzzy_synthetic,2026-03-04T13:39:15.730416+00:00
complaint,True,high,False,negative,high,medium,critical,fuzzy_synthetic,2026-03-04T13:39:15.732444+00:00
complaint,True,high,False,negative,high,high,critical,fuzzy_synthetic,2026-03-04T13:39:15.734734+00:00
complaint,True,high,False,neutral,low,low,medium,fuzzy_synthetic,2026-03-04T13:39:15.736747+00:00
complaint,True,high,False,neutral,low,medium,high,fuzzy_synthetic,2026-03-04T13:39:15.738872+00:00
complaint,True,high,False,neutral,low,high,high,fuzzy_synthetic,2026-03-04T13:39:15.740882+00:00
complaint,True,high,False,neutral,medium,low,high,fuzzy_synthetic,2026-03-04T13:39:15.743057+00:00
complaint,True,high,False,neutral,medium,medium,high,fuzzy_synthetic,2026-03-04T13:39:15.745309+00:00
complaint,True,high,False,neutral,medium,high,critical,fuzzy_synthetic,2026-03-04T13:39:15.747332+00:00
complaint,True,high,False,neutral,high,low,high,fuzzy_synthetic,2026-03-04T13:39:15.749447+00:00
complaint,True,high,False,neutral,high,medium,critical,fuzzy_synthetic,2026-03-04T13:39:15.751487+00:00
complaint,True,high,False,neutral,high,high,critical,fuzzy_synthetic,2026-03-04T13:39:15.753622+00:00
complaint,True,high,False,positive,low,low,low,fuzzy_synthetic,2026-03-04T13:39:15.755816+00:00
complaint,True,high,False,positive,low,medium,medium,fuzzy_synthetic,2026-03-04T13:39:15.757918+00:00
complaint,True,high,False,positive,low,high,medium,fuzzy_synthetic,2026-03-04T13:39:15.759928+00:00
complaint,True,high,False,positive,medium,low,medium,fuzzy_synthetic,2026-03-04T13:39:15.761962+00:00
complaint,True,high,False,positive,medium,medium,medium,fuzzy_synthetic,2026-03-04T13:39:15.764124+00:00
complaint,True,high,False,positive,medium,high,medium,fuzzy_synthetic,2026-03-04T13:39:15.766345+00:00
complaint,True,high,False,positive,high,low,medium,fuzzy_synthetic,2026-03-04T13:39:15.768446+00:00
complaint,True,high,False,positive,high,medium,medium,fuzzy_synthetic,2026-03-04T13:39:15.770435+00:00
complaint,True,high,False,positive,high,high,high,fuzzy_synthetic,2026-03-04T13:39:15.772511+00:00
complaint,True,high,True,negative,low,low,critical,fuzzy_synthetic,2026-03-04T13:39:15.774570+00:00
complaint,True,high,True,negative,low,medium,critical,fuzzy_synthetic,2026-03-04T13:39:15.776808+00:00
complaint,True,high,True,negative,low,high,critical,fuzzy_synthetic,2026-03-04T13:39:15.778905+00:00
complaint,True,high,True,negative,medium,low,critical,fuzzy_synthetic,2026-03-04T13:39:15.780874+00:00
complaint,True,high,True,negative,medium,medium,critical,fuzzy_synthetic,2026-03-04T13:39:15.782965+00:00
complaint,True,high,True,negative,medium,high,critical,fuzzy_synthetic,2026-03-04T13:39:15.784948+00:00
complaint,True,high,True,negative,high,low,critical,fuzzy_synthetic,2026-03-04T13:39:15.787258+00:00
complaint,True,high,True,negative,high,medium,critical,fuzzy_synthetic,2026-03-04T13:39:15.789229+00:00
complaint,True,high,True,negative,high,high,critical,fuzzy_synthetic,2026-03-04T13:39:15.791212+00:00
complaint,True,high,True,neutral,low,low,high,fuzzy_synthetic,2026-03-04T13:39:15.793303+00:00
complaint,True,high,True,neutral,low,medium,high,fuzzy_synthetic,2026-03-04T13:39:15.795299+00:00
complaint,True,high,True,neutral,low,high,high,fuzzy_synthetic,2026-03-04T13:39:15.797606+00:00
complaint,True,high,True,neutral,medium,low,high,fuzzy_synthetic,2026-03-04T13:39:15.799576+00:00
complaint,True,high,True,neutral,medium,medium,high,fuzzy_synthetic,2026-03-04T13:39:15.801661+00:00
complaint,True,high,True,neutral,medium,high,critical,fuzzy_synthetic,2026-03-04T13:39:15.803650+00:00
complaint,True,high,True,neutral,high,low,high,fuzzy_synthetic,2026-03-04T13:39:15.805686+00:00
complaint,True,high,True,neutral,high,medium,critical,fuzzy_synthetic,2026-03-04T13:39:15.807981+00:00
complaint,True,high,True,neutral,high,high,critical,fuzzy_synthetic,2026-03-04T13:39:15.809968+00:00
complaint,True,high,True,positive,low,low,high,fuzzy_synthetic,2026-03-04T13:39:15.812101+00:00
complaint,True,high,True,positive,low,medium,high,fuzzy_synthetic,2026-03-04T13:39:15.814094+00:00
complaint,True,high,True,positive,low,high,high,fuzzy_synthetic,2026-03-04T13:39:15.816213+00:00
complaint,True,high,True,positive,medium,low,high,fuzzy_synthetic,2026-03-04T13:39:15.818456+00:00
complaint,True,high,True,positive,medium,medium,high,fuzzy_synthetic,2026-03-04T13:39:15.820466+00:00
complaint,True,high,True,positive,medium,high,high,fuzzy_synthetic,2026-03-04T13:39:15.822540+00:00
complaint,True,high,True,positive,high,low,high,fuzzy_synthetic,2026-03-04T13:39:15.824540+00:00
complaint,True,high,True,positive,high,medium,high,fuzzy_synthetic,2026-03-04T13:39:15.826618+00:00
complaint,True,high,True,positive,high,high,high,fuzzy_synthetic,2026-03-04T13:39:15.828779+00:00
inquiry,False,low,False,negative,low,low,medium,fuzzy_synthetic,2026-03-04T13:39:15.830863+00:00
inquiry,False,low,False,negative,low,medium,high,fuzzy_synthetic,2026-03-04T13:39:15.832848+00:00
inquiry,False,low,False,negative,low,high,high,fuzzy_synthetic,2026-03-04T13:39:15.834865+00:00
inquiry,False,low,False,negative,medium,low,high,fuzzy_synthetic,2026-03-04T13:39:15.836959+00:00
inquiry,False,low,False,negative,medium,medium,high,fuzzy_synthetic,2026-03-04T13:39:15.839125+00:00
inquiry,False,low,False,negative,medium,high,high,fuzzy_synthetic,2026-03-04T13:39:15.841202+00:00
inquiry,False,low,False,negative,high,low,high,fuzzy_synthetic,2026-03-04T13:39:15.843175+00:00
inquiry,False,low,False,negative,high,medium,high,fuzzy_synthetic,2026-03-04T13:39:15.845274+00:00
inquiry,False,low,False,negative,high,high,high,fuzzy_synthetic,2026-03-04T13:39:15.847286+00:00
inquiry,False,low,False,neutral,low,low,low,fuzzy_synthetic,2026-03-04T13:39:15.849475+00:00
inquiry,False,low,False,neutral,low,medium,low,fuzzy_synthetic,2026-03-04T13:39:15.851543+00:00
inquiry,False,low,False,neutral,low,high,low,fuzzy_synthetic,2026-03-04T13:39:15.853512+00:00
inquiry,False,low,False,neutral,medium,low,low,fuzzy_synthetic,2026-03-04T13:39:15.855594+00:00
inquiry,False,low,False,neutral,medium,medium,low,fuzzy_synthetic,2026-03-04T13:39:15.857559+00:00
inquiry,False,low,False,neutral,medium,high,medium,fuzzy_synthetic,2026-03-04T13:39:15.859854+00:00
inquiry,False,low,False,neutral,high,low,low,fuzzy_synthetic,2026-03-04T13:39:15.861830+00:00
inquiry,False,low,False,neutral,high,medium,medium,fuzzy_synthetic,2026-03-04T13:39:15.863804+00:00
inquiry,False,low,False,neutral,high,high,medium,fuzzy_synthetic,2026-03-04T13:39:15.865881+00:00
inquiry,False,low,False,positive,low,low,low,fuzzy_synthetic,2026-03-04T13:39:15.867870+00:00
inquiry,False,low,False,positive,low,medium,low,fuzzy_synthetic,2026-03-04T13:39:15.870135+00:00
inquiry,False,low,False,positive,low,high,low,fuzzy_synthetic,2026-03-04T13:39:15.872110+00:00
inquiry,False,low,False,positive,medium,low,low,fuzzy_synthetic,2026-03-04T13:39:15.874207+00:00
inquiry,False,low,False,positive,medium,medium,low,fuzzy_synthetic,2026-03-04T13:39:15.876212+00:00
inquiry,False,low,False,positive,medium,high,low,fuzzy_synthetic,2026-03-04T13:39:15.878198+00:00
inquiry,False,low,False,positive,high,low,low,fuzzy_synthetic,2026-03-04T13:39:15.880476+00:00
inquiry,False,low,False,positive,high,medium,low,fuzzy_synthetic,2026-03-04T13:39:15.882457+00:00
inquiry,False,low,False,positive,high,high,low,fuzzy_synthetic,2026-03-04T13:39:15.884526+00:00
inquiry,False,low,True,negative,low,low,high,fuzzy_synthetic,2026-03-04T13:39:15.886499+00:00
inquiry,False,low,True,negative,low,medium,high,fuzzy_synthetic,2026-03-04T13:39:15.888796+00:00
inquiry,False,low,True,negative,low,high,high,fuzzy_synthetic,2026-03-04T13:39:15.890782+00:00
inquiry,False,low,True,negative,medium,low,high,fuzzy_synthetic,2026-03-04T13:39:15.892754+00:00
inquiry,False,low,True,negative,medium,medium,high,fuzzy_synthetic,2026-03-04T13:39:15.894824+00:00
inquiry,False,low,True,negative,medium,high,high,fuzzy_synthetic,2026-03-04T13:39:15.896795+00:00
inquiry,False,low,True,negative,high,low,high,fuzzy_synthetic,2026-03-04T13:39:15.899055+00:00
inquiry,False,low,True,negative,high,medium,high,fuzzy_synthetic,2026-03-04T13:39:15.901025+00:00
inquiry,False,low,True,negative,high,high,high,fuzzy_synthetic,2026-03-04T13:39:15.903110+00:00
inquiry,False,low,True,neutral,low,low,high,fuzzy_synthetic,2026-03-04T13:39:15.905081+00:00
inquiry,False,low,True,neutral,low,medium,high,fuzzy_synthetic,2026-03-04T13:39:15.907062+00:00
inquiry,False,low,True,neutral,low,high,high,fuzzy_synthetic,2026-03-04T13:39:15.909347+00:00
inquiry,False,low,True,neutral,medium,low,high,fuzzy_synthetic,2026-03-04T13:39:15.911334+00:00
inquiry,False,low,True,neutral,medium,medium,high,fuzzy_synthetic,2026-03-04T13:39:15.913417+00:00
inquiry,False,low,True,neutral,medium,high,high,fuzzy_synthetic,2026-03-04T13:39:15.915382+00:00
inquiry,False,low,True,neutral,high,low,high,fuzzy_synthetic,2026-03-04T13:39:15.917495+00:00
inquiry,False,low,True,neutral,high,medium,high,fuzzy_synthetic,2026-03-04T13:39:15.919693+00:00
inquiry,False,low,True,neutral,high,high,high,fuzzy_synthetic,2026-03-04T13:39:15.921658+00:00
inquiry,False,low,True,positive,low,low,high,fuzzy_synthetic,2026-03-04T13:39:15.923717+00:00
inquiry,False,low,True,positive,low,medium,high,fuzzy_synthetic,2026-03-04T13:39:15.925674+00:00
inquiry,False,low,True,positive,low,high,high,fuzzy_synthetic,2026-03-04T13:39:15.927731+00:00
inquiry,False,low,True,positive,medium,low,high,fuzzy_synthetic,2026-03-04T13:39:15.929900+00:00
inquiry,False,low,True,positive,medium,medium,high,fuzzy_synthetic,2026-03-04T13:39:15.931962+00:00
inquiry,False,low,True,positive,medium,high,high,fuzzy_synthetic,2026-03-04T13:39:15.933944+00:00
inquiry,False,low,True,positive,high,low,high,fuzzy_synthetic,2026-03-04T13:39:15.935913+00:00
inquiry,False,low,True,positive,high,medium,high,fuzzy_synthetic,2026-03-04T13:39:15.938013+00:00
inquiry,False,low,True,positive,high,high,high,fuzzy_synthetic,2026-03-04T13:39:15.940176+00:00
inquiry,False,medium,False,negative,low,low,medium,fuzzy_synthetic,2026-03-04T13:39:15.942239+00:00
inquiry,False,medium,False,negative,low,medium,high,fuzzy_synthetic,2026-03-04T13:39:15.944214+00:00
inquiry,False,medium,False,negative,low,high,high,fuzzy_synthetic,2026-03-04T13:39:15.946291+00:00
inquiry,False,medium,False,negative,medium,low,high,fuzzy_synthetic,2026-03-04T13:39:15.948275+00:00
inquiry,False,medium,False,negative,medium,medium,high,fuzzy_synthetic,2026-03-04T13:39:15.950462+00:00
inquiry,False,medium,False,negative,medium,high,high,fuzzy_synthetic,2026-03-04T13:39:15.952520+00:00
inquiry,False,medium,False,negative,high,low,high,fuzzy_synthetic,2026-03-04T13:39:15.954499+00:00
inquiry,False,medium,False,negative,high,medium,high,fuzzy_synthetic,2026-03-04T13:39:15.956588+00:00
inquiry,False,medium,False,negative,high,high,high,fuzzy_synthetic,2026-03-04T13:39:15.958566+00:00
inquiry,False,medium,False,neutral,low,low,low,fuzzy_synthetic,2026-03-04T13:39:15.960854+00:00
inquiry,False,medium,False,neutral,low,medium,low,fuzzy_synthetic,2026-03-04T13:39:15.962833+00:00
inquiry,False,medium,False,neutral,low,high,low,fuzzy_synthetic,2026-03-04T13:39:15.964814+00:00
inquiry,False,medium,False,neutral,medium,low,low,fuzzy_synthetic,2026-03-04T13:39:15.966892+00:00
inquiry,False,medium,False,neutral,medium,medium,low,fuzzy_synthetic,2026-03-04T13:39:15.968860+00:00
inquiry,False,medium,False,neutral,medium,high,medium,fuzzy_synthetic,2026-03-04T13:39:15.971112+00:00
inquiry,False,medium,False,neutral,high,low,low,fuzzy_synthetic,2026-03-04T13:39:15.973076+00:00
inquiry,False,medium,False,neutral,high,medium,medium,fuzzy_synthetic,2026-03-04T13:39:15.975149+00:00
inquiry,False,medium,False,neutral,high,high,medium,fuzzy_synthetic,2026-03-04T13:39:15.977126+00:00
inquiry,False,medium,False,positive,low,low,low,fuzzy_synthetic,2026-03-04T13:39:15.979116+00:00
inquiry,False,medium,False,positive,low,medium,low,fuzzy_synthetic,2026-03-04T13:39:15.981378+00:00
inquiry,False,medium,False,positive,low,high,low,fuzzy_synthetic,2026-03-04T13:39:15.983348+00:00
inquiry,False,medium,False,positive,medium,low,low,fuzzy_synthetic,2026-03-04T13:39:15.985421+00:00
inquiry,False,medium,False,positive,medium,medium,low,fuzzy_synthetic,2026-03-04T13:39:15.987381+00:00
inquiry,False,medium,False,positive,medium,high,low,fuzzy_synthetic,2026-03-04T13:39:15.989461+00:00
inquiry,False,medium,False,positive,high,low,low,fuzzy_synthetic,2026-03-04T13:39:15.991656+00:00
inquiry,False,medium,False,positive,high,medium,low,fuzzy_synthetic,2026-03-04T13:39:15.993634+00:00
inquiry,False,medium,False,positive,high,high,low,fuzzy_synthetic,2026-03-04T13:39:15.995714+00:00
inquiry,False,medium,True,negative,low,low,high,fuzzy_synthetic,2026-03-04T13:39:15.997693+00:00
inquiry,False,medium,True,negative,low,medium,high,fuzzy_synthetic,2026-03-04T13:39:15.999841+00:00
inquiry,False,medium,True,negative,low,high,high,fuzzy_synthetic,2026-03-04T13:39:16.002043+00:00
inquiry,False,medium,True,negative,medium,low,high,fuzzy_synthetic,2026-03-04T13:39:16.004165+00:00
inquiry,False,medium,True,negative,medium,medium,high,fuzzy_synthetic,2026-03-04T13:39:16.006154+00:00
inquiry,False,medium,True,negative,medium,high,high,fuzzy_synthetic,2026-03-04T13:39:16.008134+00:00
inquiry,False,medium,True,negative,high,low,high,fuzzy_synthetic,2026-03-04T13:39:16.010222+00:00
inquiry,False,medium,True,negative,high,medium,high,fuzzy_synthetic,2026-03-04T13:39:16.012410+00:00
inquiry,False,medium,True,negative,high,high,high,fuzzy_synthetic,2026-03-04T13:39:16.014487+00:00
inquiry,False,medium,True,neutral,low,low,high,fuzzy_synthetic,2026-03-04T13:39:16.016466+00:00
inquiry,False,medium,True,neutral,low,medium,high,fuzzy_synthetic,2026-03-04T13:39:16.018544+00:00
inquiry,False,medium,True,neutral,low,high,high,fuzzy_synthetic,2026-03-04T13:39:16.020540+00:00
inquiry,False,medium,True,neutral,medium,low,high,fuzzy_synthetic,2026-03-04T13:39:16.022733+00:00
inquiry,False,medium,True,neutral,medium,medium,high,fuzzy_synthetic,2026-03-04T13:39:16.024797+00:00
inquiry,False,medium,True,neutral,medium,high,high,fuzzy_synthetic,2026-03-04T13:39:16.026775+00:00
inquiry,False,medium,True,neutral,high,low,high,fuzzy_synthetic,2026-03-04T13:39:16.028848+00:00
inquiry,False,medium,True,neutral,high,medium,high,fuzzy_synthetic,2026-03-04T13:39:16.030819+00:00
inquiry,False,medium,True,neutral,high,high,high,fuzzy_synthetic,2026-03-04T13:39:16.033108+00:00
inquiry,False,medium,True,positive,low,low,high,fuzzy_synthetic,2026-03-04T13:39:16.035080+00:00
inquiry,False,medium,True,positive,low,medium,high,fuzzy_synthetic,2026-03-04T13:39:16.037048+00:00
inquiry,False,medium,True,positive,low,high,high,fuzzy_synthetic,2026-03-04T13:39:16.039110+00:00
inquiry,False,medium,True,positive,medium,low,high,fuzzy_synthetic,2026-03-04T13:39:16.041070+00:00
inquiry,False,medium,True,positive,medium,medium,high,fuzzy_synthetic,2026-03-04T13:39:16.043380+00:00
inquiry,False,medium,True,positive,medium,high,high,fuzzy_synthetic,2026-03-04T13:39:16.045369+00:00
inquiry,False,medium,True,positive,high,low,high,fuzzy_synthetic,2026-03-04T13:39:16.047454+00:00
inquiry,False,medium,True,positive,high,medium,high,fuzzy_synthetic,2026-03-04T13:39:16.049430+00:00
inquiry,False,medium,True,positive,high,high,high,fuzzy_synthetic,2026-03-04T13:39:16.051414+00:00
inquiry,False,high,False,negative,low,low,medium,fuzzy_synthetic,2026-03-04T13:39:16.053695+00:00
inquiry,False,high,False,negative,low,medium,high,fuzzy_synthetic,2026-03-04T13:39:16.055660+00:00
inquiry,False,high,False,negative,low,high,high,fuzzy_synthetic,2026-03-04T13:39:16.057735+00:00
inquiry,False,high,False,negative,medium,low,high,fuzzy_synthetic,2026-03-04T13:39:16.059700+00:00
inquiry,False,high,False,negative,medium,medium,high,fuzzy_synthetic,2026-03-04T13:39:16.061995+00:00
inquiry,False,high,False,negative,medium,high,high,fuzzy_synthetic,2026-03-04T13:39:16.063967+00:00
inquiry,False,high,False,negative,high,low,high,fuzzy_synthetic,2026-03-04T13:39:16.065947+00:00
inquiry,False,high,False,negative,high,medium,high,fuzzy_synthetic,2026-03-04T13:39:16.068120+00:00
inquiry,False,high,False,negative,high,high,high,fuzzy_synthetic,2026-03-04T13:39:16.070137+00:00
inquiry,False,high,False,neutral,low,low,low,fuzzy_synthetic,2026-03-04T13:39:16.072431+00:00
inquiry,False,high,False,neutral,low,medium,low,fuzzy_synthetic,2026-03-04T13:39:16.074414+00:00
inquiry,False,high,False,neutral,low,high,low,fuzzy_synthetic,2026-03-04T13:39:16.076516+00:00
inquiry,False,high,False,neutral,medium,low,low,fuzzy_synthetic,2026-03-04T13:39:16.078506+00:00
inquiry,False,high,False,neutral,medium,medium,low,fuzzy_synthetic,2026-03-04T13:39:16.080550+00:00
inquiry,False,high,False,neutral,medium,high,medium,fuzzy_synthetic,2026-03-04T13:39:16.082869+00:00
inquiry,False,high,False,neutral,high,low,low,fuzzy_synthetic,2026-03-04T13:39:16.084862+00:00
inquiry,False,high,False,neutral,high,medium,medium,fuzzy_synthetic,2026-03-04T13:39:16.086949+00:00
inquiry,False,high,False,neutral,high,high,medium,fuzzy_synthetic,2026-03-04T13:39:16.088951+00:00
inquiry,False,high,False,positive,low,low,low,fuzzy_synthetic,2026-03-04T13:39:16.091067+00:00
inquiry,False,high,False,positive,low,medium,low,fuzzy_synthetic,2026-03-04T13:39:16.093377+00:00
inquiry,False,high,False,positive,low,high,low,fuzzy_synthetic,2026-03-04T13:39:16.095444+00:00
inquiry,False,high,False,positive,medium,low,low,fuzzy_synthetic,2026-03-04T13:39:16.097610+00:00
inquiry,False,high,False,positive,medium,medium,low,fuzzy_synthetic,2026-03-04T13:39:16.099640+00:00
inquiry,False,high,False,positive,medium,high,low,fuzzy_synthetic,2026-03-04T13:39:16.101793+00:00
inquiry,False,high,False,positive,high,low,low,fuzzy_synthetic,2026-03-04T13:39:16.104057+00:00
inquiry,False,high,False,positive,high,medium,low,fuzzy_synthetic,2026-03-04T13:39:16.106232+00:00
inquiry,False,high,False,positive,high,high,low,fuzzy_synthetic,2026-03-04T13:39:16.108269+00:00
inquiry,False,high,True,negative,low,low,high,fuzzy_synthetic,2026-03-04T13:39:16.110277+00:00
inquiry,False,high,True,negative,low,medium,high,fuzzy_synthetic,2026-03-04T13:39:16.112374+00:00
inquiry,False,high,True,negative,low,high,high,fuzzy_synthetic,2026-03-04T13:39:16.114583+00:00
inquiry,False,high,True,negative,medium,low,high,fuzzy_synthetic,2026-03-04T13:39:16.116684+00:00
inquiry,False,high,True,negative,medium,medium,high,fuzzy_synthetic,2026-03-04T13:39:16.118725+00:00
inquiry,False,high,True,negative,medium,high,high,fuzzy_synthetic,2026-03-04T13:39:16.120836+00:00
inquiry,False,high,True,negative,high,low,high,fuzzy_synthetic,2026-03-04T13:39:16.122858+00:00
inquiry,False,high,True,negative,high,medium,high,fuzzy_synthetic,2026-03-04T13:39:16.125143+00:00
inquiry,False,high,True,negative,high,high,high,fuzzy_synthetic,2026-03-04T13:39:16.127293+00:00
inquiry,False,high,True,neutral,low,low,high,fuzzy_synthetic,2026-03-04T13:39:16.129341+00:00
inquiry,False,high,True,neutral,low,medium,high,fuzzy_synthetic,2026-03-04T13:39:16.131459+00:00
inquiry,False,high,True,neutral,low,high,high,fuzzy_synthetic,2026-03-04T13:39:16.133476+00:00
inquiry,False,high,True,neutral,medium,low,high,fuzzy_synthetic,2026-03-04T13:39:16.135816+00:00
inquiry,False,high,True,neutral,medium,medium,high,fuzzy_synthetic,2026-03-04T13:39:16.137810+00:00
inquiry,False,high,True,neutral,medium,high,high,fuzzy_synthetic,2026-03-04T13:39:16.139848+00:00
inquiry,False,high,True,neutral,high,low,high,fuzzy_synthetic,2026-03-04T13:39:16.141984+00:00
inquiry,False,high,True,neutral,high,medium,high,fuzzy_synthetic,2026-03-04T13:39:16.144000+00:00
inquiry,False,high,True,neutral,high,high,high,fuzzy_synthetic,2026-03-04T13:39:16.146306+00:00
inquiry,False,high,True,positive,low,low,high,fuzzy_synthetic,2026-03-04T13:39:16.148325+00:00
inquiry,False,high,True,positive,low,medium,high,fuzzy_synthetic,2026-03-04T13:39:16.150471+00:00
inquiry,False,high,True,positive,low,high,high,fuzzy_synthetic,2026-03-04T13:39:16.152507+00:00
inquiry,False,high,True,positive,medium,low,high,fuzzy_synthetic,2026-03-04T13:39:16.154529+00:00
inquiry,False,high,True,positive,medium,medium,high,fuzzy_synthetic,2026-03-04T13:39:16.156863+00:00
inquiry,False,high,True,positive,medium,high,high,fuzzy_synthetic,2026-03-04T13:39:16.158861+00:00
inquiry,False,high,True,positive,high,low,high,fuzzy_synthetic,2026-03-04T13:39:16.160979+00:00
inquiry,False,high,True,positive,high,medium,high,fuzzy_synthetic,2026-03-04T13:39:16.163040+00:00
inquiry,False,high,True,positive,high,high,high,fuzzy_synthetic,2026-03-04T13:39:16.165229+00:00
inquiry,True,low,False,negative,low,low,high,fuzzy_synthetic,2026-03-04T13:39:16.167507+00:00
inquiry,True,low,False,negative,low,medium,critical,fuzzy_synthetic,2026-03-04T13:39:16.169513+00:00
inquiry,True,low,False,negative,low,high,critical,fuzzy_synthetic,2026-03-04T13:39:16.171635+00:00
inquiry,True,low,False,negative,medium,low,critical,fuzzy_synthetic,2026-03-04T13:39:16.173649+00:00
inquiry,True,low,False,negative,medium,medium,critical,fuzzy_synthetic,2026-03-04T13:39:16.175837+00:00
inquiry,True,low,False,negative,medium,high,critical,fuzzy_synthetic,2026-03-04T13:39:16.178061+00:00
inquiry,True,low,False,negative,high,low,critical,fuzzy_synthetic,2026-03-04T13:39:16.180187+00:00
inquiry,True,low,False,negative,high,medium,critical,fuzzy_synthetic,2026-03-04T13:39:16.182197+00:00
inquiry,True,low,False,negative,high,high,critical,fuzzy_synthetic,2026-03-04T13:39:16.184201+00:00
inquiry,True,low,False,neutral,low,low,low,fuzzy_synthetic,2026-03-04T13:39:16.186342+00:00
inquiry,True,low,False,neutral,low,medium,medium,fuzzy_synthetic,2026-03-04T13:39:16.188563+00:00
inquiry,True,low,False,neutral,low,high,medium,fuzzy_synthetic,2026-03-04T13:39:16.190693+00:00
inquiry,True,low,False,neutral,medium,low,medium,fuzzy_synthetic,2026-03-04T13:39:16.192695+00:00
inquiry,True,low,False,neutral,medium,medium,medium,fuzzy_synthetic,2026-03-04T13:39:16.194823+00:00
inquiry,True,low,False,neutral,medium,high,high,fuzzy_synthetic,2026-03-04T13:39:16.196854+00:00
inquiry,True,low,False,neutral,high,low,medium,fuzzy_synthetic,2026-03-04T13:39:16.199063+00:00
inquiry,True,low,False,neutral,high,medium,high,fuzzy_synthetic,2026-03-04T13:39:16.201196+00:00
inquiry,True,low,False,neutral,high,high,high,fuzzy_synthetic,2026-03-04T13:39:16.203210+00:00
inquiry,True,low,False,positive,low,low,low,fuzzy_synthetic,2026-03-04T13:39:16.205318+00:00
inquiry,True,low,False,positive,low,medium,low,fuzzy_synthetic,2026-03-04T13:39:16.207339+00:00
inquiry,True,low,False,positive,low,high,low,fuzzy_synthetic,2026-03-04T13:39:16.209661+00:00
inquiry,True,low,False,positive,medium,low,low,fuzzy_synthetic,2026-03-04T13:39:16.211727+00:00
inquiry,True,low,False,positive,medium,medium,low,fuzzy_synthetic,2026-03-04T13:39:16.213771+00:00
inquiry,True,low,False,positive,medium,high,low,fuzzy_synthetic,2026-03-04T13:39:16.215913+00:00
inquiry,True,low,False,positive,high,low,low,fuzzy_synthetic,2026-03-04T13:39:16.217945+00:00
inquiry,True,low,False,positive,high,medium,low,fuzzy_synthetic,2026-03-04T13:39:16.220279+00:00
inquiry,True,low,False,positive,high,high,low,fuzzy_synthetic,2026-03-04T13:39:16.222261+00:00
inquiry,True,low,True,negative,low,low,high,fuzzy_synthetic,2026-03-04T13:39:16.224375+00:00
inquiry,True,low,True,negative,low,medium,critical,fuzzy_synthetic,2026-03-04T13:39:16.226406+00:00
inquiry,True,low,True,negative,low,high,critical,fuzzy_synthetic,2026-03-04T13:39:16.228436+00:00
inquiry,True,low,True,negative,medium,low,critical,fuzzy_synthetic,2026-03-04T13:39:16.230760+00:00
inquiry,True,low,True,negative,medium,medium,critical,fuzzy_synthetic,2026-03-04T13:39:16.232767+00:00
inquiry,True,low,True,negative,medium,high,critical,fuzzy_synthetic,2026-03-04T13:39:16.234899+00:00
inquiry,True,low,True,negative,high,low,critical,fuzzy_synthetic,2026-03-04T13:39:16.236981+00:00
inquiry,True,low,True,negative,high,medium,critical,fuzzy_synthetic,2026-03-04T13:39:16.239386+00:00
inquiry,True,low,True,negative,high,high,critical,fuzzy_synthetic,2026-03-04T13:39:16.241418+00:00
inquiry,True,low,True,neutral,low,low,high,fuzzy_synthetic,2026-03-04T13:39:16.243451+00:00
inquiry,True,low,True,neutral,low,medium,high,fuzzy_synthetic,2026-03-04T13:39:16.245596+00:00
inquiry,True,low,True,neutral,low,high,high,fuzzy_synthetic,2026-03-04T13:39:16.247657+00:00
inquiry,True,low,True,neutral,medium,low,high,fuzzy_synthetic,2026-03-04T13:39:16.249968+00:00
inquiry,True,low,True,neutral,medium,medium,high,fuzzy_synthetic,2026-03-04T13:39:16.251954+00:00
inquiry,True,low,True,neutral,medium,high,high,fuzzy_synthetic,2026-03-04T13:39:16.254062+00:00
inquiry,True,low,True,neutral,high,low,high,fuzzy_synthetic,2026-03-04T13:39:16.256122+00:00
inquiry,True,low,True,neutral,high,medium,high,fuzzy_synthetic,2026-03-04T13:39:16.258213+00:00
inquiry,True,low,True,neutral,high,high,high,fuzzy_synthetic,2026-03-04T13:39:16.260558+00:00
inquiry,True,low,True,positive,low,low,high,fuzzy_synthetic,2026-03-04T13:39:16.262608+00:00
inquiry,True,low,True,positive,low,medium,high,fuzzy_synthetic,2026-03-04T13:39:16.264746+00:00
inquiry,True,low,True,positive,low,high,high,fuzzy_synthetic,2026-03-04T13:39:16.266773+00:00
inquiry,True,low,True,positive,medium,low,high,fuzzy_synthetic,2026-03-04T13:39:16.268960+00:00
inquiry,True,low,True,positive,medium,medium,high,fuzzy_synthetic,2026-03-04T13:39:16.271202+00:00
inquiry,True,low,True,positive,medium,high,high,fuzzy_synthetic,2026-03-04T13:39:16.273182+00:00
inquiry,True,low,True,positive,high,low,high,fuzzy_synthetic,2026-03-04T13:39:16.275300+00:00
inquiry,True,low,True,positive,high,medium,high,fuzzy_synthetic,2026-03-04T13:39:16.277296+00:00
inquiry,True,low,True,positive,high,high,high,fuzzy_synthetic,2026-03-04T13:39:16.279368+00:00
inquiry,True,medium,False,negative,low,low,high,fuzzy_synthetic,2026-03-04T13:39:16.281597+00:00
inquiry,True,medium,False,negative,low,medium,critical,fuzzy_synthetic,2026-03-04T13:39:16.283721+00:00
inquiry,True,medium,False,negative,low,high,critical,fuzzy_synthetic,2026-03-04T13:39:16.285735+00:00
inquiry,True,medium,False,negative,medium,low,critical,fuzzy_synthetic,2026-03-04T13:39:16.287732+00:00
inquiry,True,medium,False,negative,medium,medium,critical,fuzzy_synthetic,2026-03-04T13:39:16.289800+00:00
inquiry,True,medium,False,negative,medium,high,critical,fuzzy_synthetic,2026-03-04T13:39:16.292015+00:00
inquiry,True,medium,False,negative,high,low,critical,fuzzy_synthetic,2026-03-04T13:39:16.294146+00:00
inquiry,True,medium,False,negative,high,medium,critical,fuzzy_synthetic,2026-03-04T13:39:16.296140+00:00
inquiry,True,medium,False,negative,high,high,critical,fuzzy_synthetic,2026-03-04T13:39:16.298222+00:00
inquiry,True,medium,False,neutral,low,low,low,fuzzy_synthetic,2026-03-04T13:39:16.300219+00:00
inquiry,True,medium,False,neutral,low,medium,medium,fuzzy_synthetic,2026-03-04T13:39:16.302466+00:00
inquiry,True,medium,False,neutral,low,high,medium,fuzzy_synthetic,2026-03-04T13:39:16.304574+00:00
inquiry,True,medium,False,neutral,medium,low,medium,fuzzy_synthetic,2026-03-04T13:39:16.306563+00:00
inquiry,True,medium,False,neutral,medium,medium,medium,fuzzy_synthetic,2026-03-04T13:39:16.308686+00:00
inquiry,True,medium,False,neutral,medium,high,high,fuzzy_synthetic,2026-03-04T13:39:16.310704+00:00
inquiry,True,medium,False,neutral,high,low,medium,fuzzy_synthetic,2026-03-04T13:39:16.313104+00:00
inquiry,True,medium,False,neutral,high,medium,high,fuzzy_synthetic,2026-03-04T13:39:16.315123+00:00
inquiry,True,medium,False,neutral,high,high,high,fuzzy_synthetic,2026-03-04T13:39:16.317133+00:00
inquiry,True,medium,False,positive,low,low,low,fuzzy_synthetic,2026-03-04T13:39:16.319245+00:00
inquiry,True,medium,False,positive,low,medium,low,fuzzy_synthetic,2026-03-04T13:39:16.321210+00:00
inquiry,True,medium,False,positive,low,high,low,fuzzy_synthetic,2026-03-04T13:39:16.323517+00:00
inquiry,True,medium,False,positive,medium,low,low,fuzzy_synthetic,2026-03-04T13:39:16.325513+00:00
inquiry,True,medium,False,positive,medium,medium,low,fuzzy_synthetic,2026-03-04T13:39:16.327628+00:00
inquiry,True,medium,False,positive,medium,high,low,fuzzy_synthetic,2026-03-04T13:39:16.329610+00:00
inquiry,True,medium,False,positive,high,low,low,fuzzy_synthetic,2026-03-04T13:39:16.331641+00:00
inquiry,True,medium,False,positive,high,medium,low,fuzzy_synthetic,2026-03-04T13:39:16.334012+00:00
inquiry,True,medium,False,positive,high,high,low,fuzzy_synthetic,2026-03-04T13:39:16.336013+00:00
inquiry,True,medium,True,negative,low,low,high,fuzzy_synthetic,2026-03-04T13:39:16.338133+00:00
inquiry,True,medium,True,negative,low,medium,critical,fuzzy_synthetic,2026-03-04T13:39:16.340110+00:00
inquiry,True,medium,True,negative,low,high,critical,fuzzy_synthetic,2026-03-04T13:39:16.342222+00:00
inquiry,True,medium,True,negative,medium,low,critical,fuzzy_synthetic,2026-03-04T13:39:16.344507+00:00
inquiry,True,medium,True,negative,medium,medium,critical,fuzzy_synthetic,2026-03-04T13:39:16.346548+00:00
inquiry,True,medium,True,negative,medium,high,critical,fuzzy_synthetic,2026-03-04T13:39:16.348657+00:00
inquiry,True,medium,True,negative,high,low,critical,fuzzy_synthetic,2026-03-04T13:39:16.350679+00:00
inquiry,True,medium,True,negative,high,medium,critical,fuzzy_synthetic,2026-03-04T13:39:16.352795+00:00
inquiry,True,medium,True,negative,high,high,critical,fuzzy_synthetic,2026-03-04T13:39:16.355061+00:00
inquiry,True,medium,True,neutral,low,low,high,fuzzy_synthetic,2026-03-04T13:39:16.357198+00:00
inquiry,True,medium,True,neutral,low,medium,high,fuzzy_synthetic,2026-03-04T13:39:16.359239+00:00
inquiry,True,medium,True,neutral,low,high,high,fuzzy_synthetic,2026-03-04T13:39:16.361238+00:00
inquiry,True,medium,True,neutral,medium,low,high,fuzzy_synthetic,2026-03-04T13:39:16.363317+00:00
inquiry,True,medium,True,neutral,medium,medium,high,fuzzy_synthetic,2026-03-04T13:39:16.365478+00:00
inquiry,True,medium,True,neutral,medium,high,high,fuzzy_synthetic,2026-03-04T13:39:16.367563+00:00
inquiry,True,medium,True,neutral,high,low,high,fuzzy_synthetic,2026-03-04T13:39:16.369555+00:00
inquiry,True,medium,True,neutral,high,medium,high,fuzzy_synthetic,2026-03-04T13:39:16.371731+00:00
inquiry,True,medium,True,neutral,high,high,high,fuzzy_synthetic,2026-03-04T13:39:16.373788+00:00
inquiry,True,medium,True,positive,low,low,high,fuzzy_synthetic,2026-03-04T13:39:16.376047+00:00
inquiry,True,medium,True,positive,low,medium,high,fuzzy_synthetic,2026-03-04T13:39:16.378194+00:00
inquiry,True,medium,True,positive,low,high,high,fuzzy_synthetic,2026-03-04T13:39:16.380210+00:00
inquiry,True,medium,True,positive,medium,low,high,fuzzy_synthetic,2026-03-04T13:39:16.382323+00:00
inquiry,True,medium,True,positive,medium,medium,high,fuzzy_synthetic,2026-03-04T13:39:16.384401+00:00
inquiry,True,medium,True,positive,medium,high,high,fuzzy_synthetic,2026-03-04T13:39:16.386751+00:00
inquiry,True,medium,True,positive,high,low,high,fuzzy_synthetic,2026-03-04T13:39:16.388766+00:00
inquiry,True,medium,True,positive,high,medium,high,fuzzy_synthetic,2026-03-04T13:39:16.390776+00:00
inquiry,True,medium,True,positive,high,high,high,fuzzy_synthetic,2026-03-04T13:39:16.392865+00:00
inquiry,True,high,False,negative,low,low,high,fuzzy_synthetic,2026-03-04T13:39:16.394853+00:00
inquiry,True,high,False,negative,low,medium,critical,fuzzy_synthetic,2026-03-04T13:39:16.397187+00:00
inquiry,True,high,False,negative,low,high,critical,fuzzy_synthetic,2026-03-04T13:39:16.399195+00:00
inquiry,True,high,False,negative,medium,low,critical,fuzzy_synthetic,2026-03-04T13:39:16.401344+00:00
inquiry,True,high,False,negative,medium,medium,critical,fuzzy_synthetic,2026-03-04T13:39:16.403367+00:00
inquiry,True,high,False,negative,medium,high,critical,fuzzy_synthetic,2026-03-04T13:39:16.405384+00:00
inquiry,True,high,False,negative,high,low,critical,fuzzy_synthetic,2026-03-04T13:39:16.407723+00:00
inquiry,True,high,False,negative,high,medium,critical,fuzzy_synthetic,2026-03-04T13:39:16.409739+00:00
inquiry,True,high,False,negative,high,high,critical,fuzzy_synthetic,2026-03-04T13:39:16.411865+00:00
inquiry,True,high,False,neutral,low,low,low,fuzzy_synthetic,2026-03-04T13:39:16.413866+00:00
inquiry,True,high,False,neutral,low,medium,medium,fuzzy_synthetic,2026-03-04T13:39:16.416210+00:00
inquiry,True,high,False,neutral,low,high,medium,fuzzy_synthetic,2026-03-04T13:39:16.418273+00:00
inquiry,True,high,False,neutral,medium,low,medium,fuzzy_synthetic,2026-03-04T13:39:16.420297+00:00
inquiry,True,high,False,neutral,medium,medium,medium,fuzzy_synthetic,2026-03-04T13:39:16.422404+00:00
inquiry,True,high,False,neutral,medium,high,high,fuzzy_synthetic,2026-03-04T13:39:16.424417+00:00
inquiry,True,high,False,neutral,high,low,medium,fuzzy_synthetic,2026-03-04T13:39:16.426783+00:00
inquiry,True,high,False,neutral,high,medium,high,fuzzy_synthetic,2026-03-04T13:39:16.428830+00:00
inquiry,True,high,False,neutral,high,high,high,fuzzy_synthetic,2026-03-04T13:39:16.430986+00:00
inquiry,True,high,False,positive,low,low,low,fuzzy_synthetic,2026-03-04T13:39:16.433002+00:00
inquiry,True,high,False,positive,low,medium,low,fuzzy_synthetic,2026-03-04T13:39:16.435011+00:00
inquiry,True,high,False,positive,low,high,low,fuzzy_synthetic,2026-03-04T13:39:16.437407+00:00
inquiry,True,high,False,positive,medium,low,low,fuzzy_synthetic,2026-03-04T13:39:16.439459+00:00
inquiry,True,high,False,positive,medium,medium,low,fuzzy_synthetic,2026-03-04T13:39:16.441628+00:00
inquiry,True,high,False,positive,medium,high,low,fuzzy_synthetic,2026-03-04T13:39:16.443665+00:00
inquiry,True,high,False,positive,high,low,low,fuzzy_synthetic,2026-03-04T13:39:16.445787+00:00
inquiry,True,high,False,positive,high,medium,low,fuzzy_synthetic,2026-03-04T13:39:16.448082+00:00
inquiry,True,high,False,positive,high,high,medium,fuzzy_synthetic,2026-03-04T13:39:16.450122+00:00
inquiry,True,high,True,negative,low,low,high,fuzzy_synthetic,2026-03-04T13:39:16.452262+00:00
inquiry,True,high,True,negative,low,medium,critical,fuzzy_synthetic,2026-03-04T13:39:16.454307+00:00
inquiry,True,high,True,negative,low,high,critical,fuzzy_synthetic,2026-03-04T13:39:16.456445+00:00
inquiry,True,high,True,negative,medium,low,critical,fuzzy_synthetic,2026-03-04T13:39:16.458675+00:00
inquiry,True,high,True,negative,medium,medium,critical,fuzzy_synthetic,2026-03-04T13:39:16.460778+00:00
inquiry,True,high,True,negative,medium,high,critical,fuzzy_synthetic,2026-03-04T13:39:16.462798+00:00
inquiry,True,high,True,negative,high,low,critical,fuzzy_synthetic,2026-03-04T13:39:16.464790+00:00
inquiry,True,high,True,negative,high,medium,critical,fuzzy_synthetic,2026-03-04T13:39:16.466900+00:00
inquiry,True,high,True,negative,high,high,critical,fuzzy_synthetic,2026-03-04T13:39:16.469063+00:00
inquiry,True,high,True,neutral,low,low,high,fuzzy_synthetic,2026-03-04T13:39:16.471142+00:00
inquiry,True,high,True,neutral,low,medium,high,fuzzy_synthetic,2026-03-04T13:39:16.473210+00:00
inquiry,True,high,True,neutral,low,high,high,fuzzy_synthetic,2026-03-04T13:39:16.475338+00:00
inquiry,True,high,True,neutral,medium,low,high,fuzzy_synthetic,2026-03-04T13:39:16.477391+00:00
inquiry,True,high,True,neutral,medium,medium,high,fuzzy_synthetic,2026-03-04T13:39:16.479648+00:00
inquiry,True,high,True,neutral,medium,high,high,fuzzy_synthetic,2026-03-04T13:39:16.481792+00:00
inquiry,True,high,True,neutral,high,low,high,fuzzy_synthetic,2026-03-04T13:39:16.483866+00:00
inquiry,True,high,True,neutral,high,medium,high,fuzzy_synthetic,2026-03-04T13:39:16.485994+00:00
inquiry,True,high,True,neutral,high,high,high,fuzzy_synthetic,2026-03-04T13:39:16.488024+00:00
inquiry,True,high,True,positive,low,low,high,fuzzy_synthetic,2026-03-04T13:39:16.490362+00:00
inquiry,True,high,True,positive,low,medium,high,fuzzy_synthetic,2026-03-04T13:39:16.492379+00:00
inquiry,True,high,True,positive,low,high,high,fuzzy_synthetic,2026-03-04T13:39:16.494472+00:00
inquiry,True,high,True,positive,medium,low,high,fuzzy_synthetic,2026-03-04T13:39:16.496625+00:00
inquiry,True,high,True,positive,medium,medium,high,fuzzy_synthetic,2026-03-04T13:39:16.498646+00:00
inquiry,True,high,True,positive,medium,high,high,fuzzy_synthetic,2026-03-04T13:39:16.501044+00:00
inquiry,True,high,True,positive,high,low,high,fuzzy_synthetic,2026-03-04T13:39:16.503044+00:00
inquiry,True,high,True,positive,high,medium,high,fuzzy_synthetic,2026-03-04T13:39:16.505214+00:00
inquiry,True,high,True,positive,high,high,high,fuzzy_synthetic,2026-03-04T13:39:16.507229+00:00
